idx,다중성분 분리 idx,,,,
0,,,,,
1,,,,,
2,,,,,
3,,,,,
4,,,,,
5,,,,,
6,"[2, '1,2-헥산다이올']","[361, '부틸렌글리콜']","[5208, '스타아니스추출물']","[2281, '황금추출물']",
7,"[2, '1,2-헥산다이올']","[838, '다이프로필렌글라이콜']","[1277, '하이드록시아세토페논']",,
8,"[2, '1,2-헥산다이올']","[436, '카프릴릴글라이콜']",,,
9,,,,,
10,,,,,
11,,,,,
12,,,,,
13,,,,,
14,,,,,
15,,,,,
16,,,,,
17,,,,,
18,,,,,
19,,,,,
20,"[19, '2-Methacryloyloxyethylphosphorylcholine']","[5209, 'n-Butylmethacrylate Copolymer Soluiton']",,,
21,,,,,
22,,,,,
23,,,,,
24,,,,,
25,,,,,
26,,,,,
27,,,,,
28,,,,,
29,,,,,
30,,,,,
31,,,,,
32,,,,,
33,,,,,
34,,,,,
35,,,,,
36,,,,,
37,,,,,
38,,,,,
39,,,,,
40,,,,,
41,,,,,
42,,,,,
43,,,,,
44,,,,,
45,,,,,
46,,,,,
47,,,,,
48,,,,,
49,,,,,
50,,,,,
51,,,,,
52,,,,,
53,,,,,
54,,,,,
55,,,,,
56,,,,,
57,,,,,
58,,,,,
59,,,,,
60,,,,,
61,,,,,
62,,,,,
63,,,,,
64,,,,,
65,,,,,
66,,,,,
67,,,,,
68,,,,,
69,,,,,
70,,,,,
71,,,,,
72,,,,,
73,,,,,
74,,,,,
75,,,,,
76,,,,,
77,,,,,
78,,,,,
79,,,,,
80,,,,,
81,,,,,
82,,,,,
83,,,,,
84,,,,,
85,,,,,
86,,,,,
87,,,,,
88,,,,,
89,,,,,
90,,,,,
91,,,,,
92,,,,,
93,,,,,
94,,,,,
95,,,,,
96,,,,,
97,,,,,
98,,,,,
99,,,,,
100,,,,,
101,"[5210, 'Alkyl ether sulphate']","[5211, 'non-ionic emulsifier']",,,
102,,,,,
103,,,,,
104,,,,,
105,,,,,
106,,,,,
107,,,,,
108,,,,,
109,,,,,
110,,,,,
111,,,,,
112,,,,,
113,"[115, 'Aloe']","[338, 'Boswellia Serrata Extract']",,,
114,,,,,
115,,,,,
116,,,,,
117,,,,,
118,,,,,
119,,,,,
120,,,,,
121,,,,,
122,,,,,
123,,,,,
124,,,,,
125,,,,,
126,,,,,
127,,,,,
128,,,,,
129,,,,,
130,,,,,
131,,,,,
132,,,,,
133,,,,,
134,,,,,
135,,,,,
136,,,,,
137,,,,,
138,,,,,
139,,,,,
140,,,,,
141,,,,,
142,,,,,
143,,,,,
144,,,,,
145,,,,,
146,,,,,
147,,,,,
148,,,,,
149,,,,,
150,,,,,
151,,,,,
152,,,,,
153,,,,,
154,,,,,
155,"[154, 'AMMONIUM LAURYL']","[153, 'LAURETH SULFATE']",,,
156,,,,,
157,,,,,
158,"[161, 'Amodimethicone']","[5212, 'C11-15 Pareth-7']","[1412, 'Laureth-9']","[3, 'Glycerin']",
159,"[161, 'Amodimethicone']","[2621, 'trideceth-12']",,,
160,,,,,
161,,,,,
162,"[161, 'Amodimethicone']","[5213, 'Tallowtrimonium Chloride']","[1721, 'Nonoxynol-10']",,
163,"[161, 'Amodimethicone']","[522, 'Cetrimonium chloride']","[2621, 'Trideceth-12']",,
164,,,,,
165,,,,,
166,,,,,
167,,,,,
168,,,,,
169,,,,,
170,,,,,
171,,,,,
172,,,,,
173,,,,,
174,,,,,
175,,,,,
176,"[5215, 'Anionic']","[5214, 'amphoteric surfactants']",,,
177,,,,,
178,,,,,
179,,,,,
180,,,,,
181,,,,,
182,,,,,
183,,,,,
184,,,,,
185,,,,,
186,,,,,
187,,,,,
188,,,,,
189,,,,,
190,,,,,
191,,,,,
192,,,,,
193,,,,,
194,,,,,
195,,,,,
196,,,,,
197,,,,,
198,,,,,
199,,,,,
200,,,,,
201,,,,,
202,,,,,
203,,,,,
204,,,,,
205,,,,,
206,,,,,
207,,,,,
208,,,,,
209,,,,,
210,,,,,
211,,,,,
212,,,,,
213,,,,,
214,,,,,
215,,,,,
216,,,,,
217,,,,,
218,,,,,
219,,,,,
220,,,,,
221,,,,,
222,,,,,
223,,,,,
224,,,,,
225,,,,,
226,,,,,
227,,,,,
228,,,,,
229,,,,,
230,,,,,
231,,,,,
232,,,,,
233,,,,,
234,,,,,
235,,,,,
236,,,,,
237,,,,,
238,,,,,
239,,,,,
240,,,,,
241,,,,,
242,,,,,
243,,,,,
244,,,,,
245,,,,,
246,,,,,
247,,,,,
248,,,,,
249,,,,,
250,,,,,
251,,,,,
252,,,,,
253,,,,,
254,,,,,
255,,,,,
256,,,,,
257,,,,,
258,,,,,
259,,,,,
260,,,,,
261,,,,,
262,,,,,
263,,,,,
264,,,,,
265,,,,,
266,,,,,
267,,,,,
268,,,,,
269,,,,,
270,"[5216, 'Benzyl Glycol']","[956, 'Ethylhexylglycerin']","[5217, 'Raspberry Ketone']",,
271,,,,,
272,,,,,
273,,,,,
274,,,,,
275,,,,,
276,,,,,
277,,,,,
278,,,,,
279,,,,,
280,,,,,
281,,,,,
282,,,,,
283,,,,,
284,,,,,
285,,,,,
286,,,,,
287,,,,,
288,,,,,
289,,,,,
290,,,,,
291,,,,,
292,,,,,
293,,,,,
294,,,,,
295,,,,,
296,,,,,
297,,,,,
298,,,,,
299,,,,,
300,,,,,
301,,,,,
302,,,,,
303,,,,,
304,"[303, 'Bisamino PEG/PPG-41/3 Aminoethyl PG-Propyl Dimethicone']","[1181, 'Hedychium Coronarium (White Ginger) Extract']","[1842, 'PEG-12 Dimethicone']",,
305,"[303, 'Bisamino PEG/PPG-41/3 Aminoethyl PG-Propyl Dimethicone']","[1181, 'Hedychium Coronarium Root Extract']","[1842, 'PEG-12 Dimethicone']",,
306,"[303, 'Bisamino PEG/PPG-41/3 Aminoethyl PG-Propyl Dimethicone']","[2827, 'Algae']","[118, 'Aloe Barbadensis Leaf']","[179, 'Anthemis Nobilis Flower Extract~']",
307,,,,,
308,,,,,
309,,,,,
310,,,,,
311,,,,,
312,,,,,
313,,,,,
314,,,,,
315,"[636, 'cocamide DEA']","[1398, 'lauramide DEA']","[5218, 'soyamide DEA']",,
316,,,,,
317,"[1136, 'Glycol distearate']","[1409, 'Laureth-4']","[645, 'Cocamidopropyl betaine']",,
318,,,,,
319,"[2389, 'Sodium laureth sulfate']","[1401, 'Lauramine oxide']","[645, 'Cocamidopropyl betaine']","[635, 'Cocamide MEA']",
320,"[2389, 'Sodium laureth sulfate']","[1127, 'glycol monostearate']",,,
321,"[1425, 'Sodium lauryl sulfate']","[2389, 'sodium laureth sulfate']","[645, 'cocamidopropyl betaine']","[635, 'cocamide MEA']",
322,"[1425, 'Sodium lauryl sulfate']","[2402, 'Sodium lauryl ether sulfate']","[645, 'Cocamidopropyl betaine']",,
323,"[2389, 'Blend Sodium laureth sulfate']","[863, 'disodium laureth sulfosuccinate']",,,
324,,,,,
325,,,,,
326,,,,,
327,,,,,
328,,,,,
329,,,,,
330,,,,,
331,,,,,
332,,,,,
333,,,,,
334,,,,,
335,,,,,
336,,,,,
337,,,,,
338,,,,,
339,,,,,
340,,,,,
341,,,,,
342,,,,,
343,,,,,
344,,,,,
345,,,,,
346,,,,,
347,,,,,
348,,,,,
349,,,,,
350,,,,,
351,,,,,
352,,,,,
353,,,,,
354,,,,,
355,,,,,
356,,,,,
357,,,,,
358,,,,,
359,,,,,
360,,,,,
361,,,,,
362,"[361, 'Butylene glycol']","[2, '1,2-hexanediol']","[786, 'Water']","[285, 'Betaine']","[956, 'Ethylhexylglycerin']"
363,,,,,
364,,,,,
365,,,,,
366,,,,,
367,,,,,
368,,,,,
369,,,,,
370,,,,,
371,,,,,
372,,,,,
373,,,,,
374,,,,,
375,,,,,
376,,,,,
377,,,,,
378,,,,,
379,,,,,
380,,,,,
381,,,,,
382,,,,,
383,,,,,
384,,,,,
385,,,,,
386,,,,,
387,,,,,
388,,,,,
389,,,,,
390,,,,,
391,,,,,
392,,,,,
393,,,,,
394,,,,,
395,,,,,
396,,,,,
397,,,,,
398,,,,,
399,,,,,
400,,,,,
401,,,,,
402,,,,,
403,"[400, 'Calendula Officinalis Extract']","[1198, 'Hibiscus Sabdariffa Flower Extract']","[65, 'Acorus Calamus Root Extract']",,
404,,,,,
405,,,,,
406,,,,,
407,,,,,
408,,,,,
409,,,,,
410,,,,,
411,,,,,
412,,,,,
413,,,,,
414,,,,,
415,,,,,
416,,,,,
417,,,,,
418,,,,,
419,,,,,
420,,,,,
421,,,,,
422,,,,,
423,,,,,
424,,,,,
425,,,,,
426,,,,,
427,,,,,
428,,,,,
429,,,,,
430,,,,,
431,,,,,
432,,,,,
433,,,,,
434,,,,,
435,,,,,
436,,,,,
437,"[436, 'Caprylyl Glycol']","[956, 'Ethylhexylglycerin']",,,
438,,,,,
439,,,,,
440,,,,,
441,,,,,
442,,,,,
443,,,,,
444,,,,,
445,,,,,
446,,,,,
447,,,,,
448,,,,,
449,,,,,
450,,,,,
451,,,,,
452,,,,,
453,,,,,
454,,,,,
455,,,,,
456,,,,,
457,,,,,
458,,,,,
459,,,,,
460,,,,,
461,,,,,
462,,,,,
463,,,,,
464,,,,,
465,,,,,
466,,,,,
467,,,,,
468,,,,,
469,,,,,
470,,,,,
471,"[5219, 'Catinic fatty acid ester']","[5220, 'fatty alcohol']",,,
472,,,,,
473,,,,,
474,,,,,
475,,,,,
476,,,,,
477,,,,,
478,,,,,
479,,,,,
480,,,,,
481,,,,,
482,,,,,
483,,,,,
484,,,,,
485,,,,,
486,,,,,
487,,,,,
488,,,,,
489,,,,,
490,,,,,
491,"[492, 'Centella Asiatica Extract']","[1262, 'Hydrolyzed Silk']","[1206, 'Honey Extract']","[1130, 'Glycine Max']","[3567, 'Schisandra Chinensis Fruit Extract']"
492,,,,,
493,,,,,
494,,,,,
495,,,,,
496,,,,,
497,,,,,
498,,,,,
499,,,,,
500,,,,,
501,,,,,
502,,,,,
503,,,,,
504,,,,,
505,,,,,
506,,,,,
507,,,,,
508,,,,,
509,,,,,
510,,,,,
511,"[512, 'Cetearyl alcohol']","[2512, 'Stearalkonium chloride']",,,
512,,,,,
513,"[512, 'Cetearyl Alcohol']","[1859, 'PEG 40 Castor Oil']",,,
514,"[512, 'Cetearyl Alcohol']","[505, 'Cetrimonium Bromide']",,,
515,,,,,
516,"[3361, 'Cetearyl olivate']","[2463, 'sorbitan olivate']",,,
517,,,,,
518,,,,,
519,,,,,
520,,,,,
521,,,,,
522,,,,,
523,,,,,
524,,,,,
525,,,,,
526,,,,,
527,"[517, 'Cetyl Alcohol']","[2507, 'Stearyl Alcohol']","[2512, 'Stearalkonium Chloride']",,
528,,,,,
529,,,,,
530,,,,,
531,,,,,
532,,,,,
533,,,,,
534,,,,,
535,,,,,
536,,,,,
537,,,,,
538,,,,,
539,,,,,
540,,,,,
541,,,,,
542,,,,,
543,,,,,
544,,,,,
545,,,,,
546,,,,,
547,,,,,
548,,,,,
549,,,,,
550,,,,,
551,,,,,
552,,,,,
553,,,,,
554,,,,,
555,,,,,
556,,,,,
557,,,,,
558,,,,,
559,,,,,
560,,,,,
561,,,,,
562,,,,,
563,,,,,
564,,,,,
565,,,,,
566,,,,,
567,,,,,
568,,,,,
569,,,,,
570,,,,,
571,,,,,
572,,,,,
573,,,,,
574,,,,,
575,,,,,
576,,,,,
577,,,,,
578,,,,,
579,,,,,
580,,,,,
581,,,,,
582,,,,,
583,,,,,
584,,,,,
585,,,,,
586,,,,,
587,,,,,
588,,,,,
589,,,,,
590,,,,,
591,,,,,
592,,,,,
593,,,,,
594,,,,,
595,,,,,
596,,,,,
597,,,,,
598,,,,,
599,,,,,
600,,,,,
601,,,,,
602,,,,,
603,,,,,
604,,,,,
605,,,,,
606,,,,,
607,,,,,
608,,,,,
609,,,,,
610,,,,,
611,,,,,
612,,,,,
613,,,,,
614,,,,,
615,,,,,
616,,,,,
617,,,,,
618,,,,,
619,,,,,
620,,,,,
621,,,,,
622,,,,,
623,,,,,
624,,,,,
625,,,,,
626,,,,,
627,,,,,
628,,,,,
629,,,,,
630,,,,,
631,,,,,
632,,,,,
633,,,,,
634,,,,,
635,,,,,
636,,,,,
637,"[636, 'Cocamide DEA']","[635, 'Cocamide MEA']","[645, 'Cocamidopropyl Betaine']","[1136, 'Glycol Distearate']",
638,"[636, 'Cocamide DEA']","[645, 'cocamidopropyl betaine']",,,
639,,,,,
640,,,,,
641,,,,,
642,,,,,
643,,,,,
644,,,,,
645,,,,,
646,,,,,
647,,,,,
648,,,,,
649,,,,,
650,,,,,
651,,,,,
652,,,,,
653,,,,,
654,,,,,
655,,,,,
656,,,,,
657,,,,,
658,,,,,
659,,,,,
660,,,,,
661,,,,,
662,"[835, 'Cocoamphocarboxyglycinata']","[1425, 'Sodium Lauryl Sulfate']","[1195, 'Hexylene Gly']",,
663,,,,,
664,"[652, 'Coco-betaine']","[635, 'cocamide MEA']",,,
665,,,,,
666,,,,,
667,,,,,
668,,,,,
669,,,,,
670,,,,,
671,,,,,
672,"[653, 'COCOGLUCOSIDE']","[1125, 'GLYCERYL MONOOLEATE']",,,
673,"[653, 'Cocoglucoside']","[1125, 'Glyceryl Oleate']",,,
674,,,,,
675,,,,,
676,,,,,
677,"[676, 'Coconut alcohol']","[653, 'Coco glucoside']",,,
678,,,,,
679,,,,,
680,,,,,
681,,,,,
682,,,,,
683,,,,,
684,,,,,
685,,,,,
686,,,,,
687,,,,,
688,,,,,
689,,,,,
690,,,,,
691,,,,,
692,,,,,
693,,,,,
694,,,,,
695,,,,,
696,,,,,
697,,,,,
698,,,,,
699,,,,,
700,,,,,
701,,,,,
702,,,,,
703,,,,,
704,,,,,
705,,,,,
706,,,,,
707,,,,,
708,,,,,
709,,,,,
710,,,,,
711,,,,,
712,,,,,
713,,,,,
714,,,,,
715,,,,,
716,,,,,
717,,,,,
718,,,,,
719,,,,,
720,,,,,
721,,,,,
722,,,,,
723,,,,,
724,,,,,
725,,,,,
726,,,,,
727,,,,,
728,,,,,
729,,,,,
730,,,,,
731,,,,,
732,,,,,
733,,,,,
734,,,,,
735,,,,,
736,,,,,
737,"[58, 'D & C Red #33']","[572, 'D & C Yellow #6']",,,
738,,,,,
739,,,,,
740,,,,,
741,,,,,
742,,,,,
743,,,,,
744,,,,,
745,,,,,
746,,,,,
747,,,,,
748,,,,,
749,,,,,
750,,,,,
751,,,,,
752,,,,,
753,,,,,
754,,,,,
755,,,,,
756,,,,,
757,,,,,
758,,,,,
759,,,,,
760,,,,,
761,,,,,
762,,,,,
763,"[780, 'Cyclopentasiloxane']","[757, 'Cyclohexasiloxane']",,,
764,"[780, 'Cyclopentasiloxane']","[823, 'Dimethiconol']",,,
765,"[780, 'Cyclopentasiloxane']","[813, 'Dimethicone']",,,
766,,,,,
767,,,,,
768,,,,,
769,,,,,
770,,,,,
771,,,,,
772,,,,,
773,,,,,
774,,,,,
775,,,,,
776,,,,,
777,,,,,
778,,,,,
779,,,,,
780,,,,,
781,,,,,
782,,,,,
783,,,,,
784,,,,,
785,,,,,
786,,,,,
787,,,,,
788,,,,,
789,,,,,
790,,,,,
791,,,,,
792,,,,,
793,,,,,
794,,,,,
795,,,,,
796,,,,,
797,,,,,
798,,,,,
799,,,,,
800,,,,,
801,"[800, 'Dicocoylethyl Hydroxyethylmonium Methosulfate']","[4, 'Propylene Glycol']",,,
802,,,,,
803,,,,,
804,,,,,
805,,,,,
806,,,,,
807,,,,,
808,,,,,
809,,,,,
810,,,,,
811,,,,,
812,,,,,
813,,,,,
814,"[813, 'Dimethicone']","[645, 'Cocamidopropyl Betaine']","[5221, 'C12-15 Pareth-3']","[1167, 'Guar Hydroxypropyltrimonium Chloride']",
815,"[813, 'Dimethicone']","[3034, 'Laureth-3']","[5222, 'Laureth-20']",,
816,"[813, 'Dimethicone']","[1409, 'Laureth-4']","[3033, 'Laureth-23']",,
817,"[813, 'Dimethicone']","[3033, 'Laureth-23']","[3034, 'Laureth-3']",,
818,,,,,
819,,,,,
820,,,,,
821,,,,,
822,"[813, 'Dimethicone']","[3954, 'Trideceth-10']",,,
823,,,,,
824,,,,,
825,,,,,
826,,,,,
827,,,,,
828,,,,,
829,,,,,
830,,,,,
831,,,,,
832,,,,,
833,,,,,
834,,,,,
835,,,,,
836,,,,,
837,,,,,
838,,,,,
839,,,,,
840,,,,,
841,,,,,
842,,,,,
843,,,,,
844,,,,,
845,,,,,
846,,,,,
847,,,,,
848,,,,,
849,,,,,
850,,,,,
851,,,,,
852,,,,,
853,,,,,
854,,,,,
855,,,,,
856,,,,,
857,,,,,
858,,,,,
859,,,,,
860,,,,,
861,,,,,
862,,,,,
863,,,,,
864,,,,,
865,,,,,
866,,,,,
867,,,,,
868,,,,,
869,,,,,
870,,,,,
871,,,,,
872,,,,,
873,,,,,
874,,,,,
875,,,,,
876,,,,,
877,,,,,
878,,,,,
879,,,,,
880,,,,,
881,,,,,
882,,,,,
883,"[881, 'DMDM Hydantoin']","[1306, 'Iodopropynyl Butylcarbamate']",,,
884,,,,,
885,,,,,
886,,,,,
887,,,,,
888,,,,,
889,,,,,
890,,,,,
891,,,,,
892,,,,,
893,,,,,
894,,,,,
895,,,,,
896,,,,,
897,,,,,
898,,,,,
899,,,,,
900,,,,,
901,,,,,
902,,,,,
903,,,,,
904,,,,,
905,,,,,
906,,,,,
907,,,,,
908,,,,,
909,,,,,
910,,,,,
911,,,,,
912,,,,,
913,,,,,
914,,,,,
915,,,,,
916,,,,,
917,"[5223, 'Enterococcus thermophilus']","[1385, 'Lactobacillus acidiphilus']","[294, 'Bifidobacterium longum']",,
918,,,,,
919,,,,,
920,,,,,
921,,,,,
922,,,,,
923,,,,,
924,,,,,
925,,,,,
926,,,,,
927,,,,,
928,,,,,
929,,,,,
930,,,,,
931,,,,,
932,,,,,
933,,,,,
934,,,,,
935,,,,,
936,,,,,
937,,,,,
938,,,,,
939,,,,,
940,,,,,
941,,,,,
942,,,,,
943,,,,,
944,,,,,
945,,,,,
946,,,,,
947,,,,,
948,,,,,
949,,,,,
950,,,,,
951,,,,,
952,,,,,
953,,,,,
954,,,,,
955,,,,,
956,,,,,
957,"[956, 'Ethylhexylglycerin']","[1912, 'Phenoxyethanol']",,,
958,"[946, 'ETHYLPARABEN']","[357, 'BUTYLPARABEN']","[3979, 'METHYLPARABEN']","[30, 'PROPYLPARABEN']","[1912, 'PHENOXYETHANOL']"
959,,,,,
960,,,,,
961,,,,,
962,,,,,
963,,,,,
964,,,,,
965,,,,,
966,,,,,
967,,,,,
968,,,,,
969,,,,,
970,,,,,
971,,,,,
972,,,,,
973,,,,,
974,,,,,
975,,,,,
976,,,,,
977,,,,,
978,,,,,
979,,,,,
980,,,,,
981,,,,,
982,,,,,
983,,,,,
984,,,,,
985,,,,,
986,,,,,
987,,,,,
988,,,,,
989,,,,,
990,,,,,
991,,,,,
992,,,,,
993,,,,,
994,,,,,
995,,,,,
996,,,,,
997,,,,,
998,,,,,
999,,,,,
1000,,,,,
1001,,,,,
1002,,,,,
1003,,,,,
1004,,,,,
1005,,,,,
1006,,,,,
1007,,,,,
1008,,,,,
1009,,,,,
1010,,,,,
1011,,,,,
1012,,,,,
1013,,,,,
1014,,,,,
1015,,,,,
1016,,,,,
1017,,,,,
1018,,,,,
1019,,,,,
1020,,,,,
1021,,,,,
1022,,,,,
1023,,,,,
1024,,,,,
1025,,,,,
1026,,,,,
1027,,,,,
1028,,,,,
1029,,,,,
1030,,,,,
1031,,,,,
1032,,,,,
1033,,,,,
1034,,,,,
1035,,,,,
1036,,,,,
1037,,,,,
1038,,,,,
1039,,,,,
1040,,,,,
1041,,,,,
1042,,,,,
1043,,,,,
1044,,,,,
1045,,,,,
1046,,,,,
1047,,,,,
1048,,,,,
1049,,,,,
1050,,,,,
1051,,,,,
1052,,,,,
1053,,,,,
1054,,,,,
1055,,,,,
1056,,,,,
1057,,,,,
1058,,,,,
1059,"[1007, 'Fragrance']","[881, 'DMDM Hydantoin']",,,
1060,,,,,
1061,,,,,
1062,,,,,
1063,,,,,
1064,,,,,
1065,,,,,
1066,,,,,
1067,,,,,
1068,,,,,
1069,,,,,
1070,,,,,
1071,,,,,
1072,,,,,
1073,,,,,
1074,,,,,
1075,,,,,
1076,,,,,
1077,,,,,
1078,,,,,
1079,,,,,
1080,,,,,
1081,,,,,
1082,,,,,
1083,,,,,
1084,,,,,
1085,,,,,
1086,,,,,
1087,,,,,
1088,,,,,
1089,,,,,
1090,,,,,
1091,,,,,
1092,,,,,
1093,,,,,
1094,,,,,
1095,,,,,
1096,,,,,
1097,,,,,
1098,,,,,
1099,,,,,
1100,,,,,
1101,,,,,
1102,,,,,
1103,,,,,
1104,,,,,
1105,,,,,
1106,,,,,
1107,,,,,
1108,,,,,
1109,,,,,
1110,,,,,
1111,,,,,
1112,,,,,
1113,,,,,
1114,,,,,
1115,,,,,
1116,"[3, 'GLYCERIN']","[4369, 'LAURYL GLUCOSE']",,,
1117,,,,,
1118,,,,,
1119,,,,,
1120,,,,,
1121,,,,,
1122,,,,,
1123,,,,,
1124,,,,,
1125,,,,,
1126,,,,,
1127,,,,,
1128,,,,,
1129,"[1123, 'Glyceryl Stearate']","[1840, 'PEG-100 Stearate']",,,
1130,,,,,
1131,,,,,
1132,,,,,
1133,,,,,
1134,,,,,
1135,,,,,
1136,,,,,
1137,"[1136, 'GLYCOL DISTEARATE']","[653, 'COCO GLUCOSIDE']","[1125, 'GLYCERYL OLEATE']","[1123, 'GLYCERYL STEARAE']",
1138,,,,,
1139,"[1127, 'Glycol stearate']","[2497, 'Stearamide AMP blend']",,,
1140,,,,,
1141,,,,,
1142,,,,,
1143,,,,,
1144,,,,,
1145,,,,,
1146,,,,,
1147,,,,,
1148,,,,,
1149,,,,,
1150,,,,,
1151,,,,,
1152,,,,,
1153,,,,,
1154,,,,,
1155,,,,,
1156,,,,,
1157,,,,,
1158,,,,,
1159,,,,,
1160,,,,,
1161,,,,,
1162,,,,,
1163,,,,,
1164,,,,,
1165,,,,,
1166,,,,,
1167,,,,,
1168,,,,,
1169,,,,,
1170,,,,,
1171,,,,,
1172,,,,,
1173,,,,,
1174,,,,,
1175,,,,,
1176,,,,,
1177,"[5225, 'Hansenula']","[5224, 'Kloeckera']","[1372, 'Lactobacillus']","[5226, 'Lactococcus']","[5227, 'Leuconostoc']"
1178,,,,,
1179,,,,,
1180,,,,,
1181,,,,,
1182,,,,,
1183,,,,,
1184,,,,,
1185,,,,,
1186,,,,,
1187,,,,,
1188,,,,,
1189,,,,,
1190,,,,,
1191,,,,,
1192,,,,,
1193,,,,,
1194,,,,,
1195,,,,,
1196,,,,,
1197,,,,,
1198,,,,,
1199,,,,,
1200,,,,,
1201,,,,,
1202,,,,,
1203,,,,,
1204,,,,,
1205,,,,,
1206,,,,,
1207,,,,,
1208,,,,,
1209,,,,,
1210,,,,,
1211,,,,,
1212,,,,,
1213,,,,,
1214,,,,,
1215,,,,,
1216,,,,,
1217,,,,,
1218,,,,,
1219,,,,,
1220,,,,,
1221,,,,,
1222,,,,,
1223,,,,,
1224,,,,,
1225,,,,,
1226,,,,,
1227,,,,,
1228,,,,,
1229,,,,,
1230,,,,,
1231,,,,,
1232,,,,,
1233,,,,,
1234,,,,,
1235,,,,,
1236,"[4405, 'HYDROLIZED KERATIN']","[5228, 'CHITOSAN SUCCINAMIDE']","[490, 'POLYQUATERNIUM-10']",,
1237,,,,,
1238,,,,,
1239,,,,,
1240,,,,,
1241,,,,,
1242,,,,,
1243,,,,,
1244,,,,,
1245,,,,,
1246,,,,,
1247,,,,,
1248,,,,,
1249,,,,,
1250,,,,,
1251,,,,,
1252,,,,,
1253,,,,,
1254,,,,,
1255,,,,,
1256,"[1255, 'HYDROLYZED MILK PROTEIN']","[142, 'AMINO ACID']",,,
1257,,,,,
1258,,,,,
1259,,,,,
1260,,,,,
1261,,,,,
1262,,,,,
1263,,,,,
1264,"[1262, 'Hydrolyzed Silk']","[1266, 'Hydrolyzed soy Protein']",,,
1265,"[1262, 'Hydrolyzed Silk']","[2319, 'Silk Protein']",,,
1266,,,,,
1267,,,,,
1268,,,,,
1269,,,,,
1270,,,,,
1271,"[1270, 'Hydrolyzed Wheat Protein']","[5229, 'Polyquaternium-58 Mixture']",,,
1272,,,,,
1273,"[1270, 'HYDROLYZED WHEAT PROTEIN']","[142, 'AMINO ACID']",,,
1274,,,,,
1275,,,,,
1276,,,,,
1277,,,,,
1278,,,,,
1279,,,,,
1280,,,,,
1281,,,,,
1282,,,,,
1283,,,,,
1284,,,,,
1285,,,,,
1286,,,,,
1287,,,,,
1288,,,,,
1289,,,,,
1290,,,,,
1291,,,,,
1292,,,,,
1293,,,,,
1294,,,,,
1295,,,,,
1296,,,,,
1297,,,,,
1298,,,,,
1299,,,,,
1300,,,,,
1301,,,,,
1302,,,,,
1303,,,,,
1304,,,,,
1305,,,,,
1306,,,,,
1307,,,,,
1308,,,,,
1309,,,,,
1310,,,,,
1311,,,,,
1312,,,,,
1313,,,,,
1314,,,,,
1315,,,,,
1316,,,,,
1317,,,,,
1318,,,,,
1319,"[1318, 'Isobutane']","[2097, 'propane']",,,
1320,,,,,
1321,,,,,
1322,,,,,
1323,,,,,
1324,,,,,
1325,,,,,
1326,,,,,
1327,,,,,
1328,,,,,
1329,,,,,
1330,,,,,
1331,,,,,
1332,,,,,
1333,,,,,
1334,,,,,
1335,,,,,
1336,,,,,
1337,,,,,
1338,,,,,
1339,,,,,
1340,,,,,
1341,,,,,
1342,,,,,
1343,,,,,
1344,,,,,
1345,,,,,
1346,,,,,
1347,,,,,
1348,,,,,
1349,,,,,
1350,,,,,
1351,,,,,
1352,,,,,
1353,,,,,
1354,,,,,
1355,,,,,
1356,,,,,
1357,,,,,
1358,,,,,
1359,,,,,
1360,,,,,
1361,,,,,
1362,,,,,
1363,,,,,
1364,,,,,
1365,,,,,
1366,,,,,
1367,,,,,
1368,,,,,
1369,,,,,
1370,,,,,
1371,,,,,
1372,,,,,
1373,,,,,
1374,,,,,
1375,,,,,
1376,,,,,
1377,,,,,
1378,,,,,
1379,,,,,
1380,,,,,
1381,,,,,
1382,,,,,
1383,,,,,
1384,,,,,
1385,,,,,
1386,,,,,
1387,,,,,
1388,,,,,
1389,,,,,
1390,,,,,
1391,,,,,
1392,,,,,
1393,,,,,
1394,,,,,
1395,,,,,
1396,,,,,
1397,,,,,
1398,,,,,
1399,,,,,
1400,,,,,
1401,,,,,
1402,,,,,
1403,,,,,
1404,,,,,
1405,,,,,
1406,,,,,
1407,,,,,
1408,,,,,
1409,,,,,
1410,,,,,
1411,,,,,
1412,,,,,
1413,,,,,
1414,,,,,
1415,,,,,
1416,,,,,
1417,,,,,
1418,,,,,
1419,,,,,
1420,,,,,
1421,"[1420, 'Lauryl glucoside']","[5230, 'polyglyceryl-2 dipolyhydroxystearate blend']",,,
1422,,,,,
1423,,,,,
1424,,,,,
1425,,,,,
1426,,,,,
1427,,,,,
1428,,,,,
1429,,,,,
1430,,,,,
1431,,,,,
1432,,,,,
1433,,,,,
1434,,,,,
1435,,,,,
1436,,,,,
1437,,,,,
1438,,,,,
1439,,,,,
1440,"[1430, 'Lavender']","[1181, 'Hawaiian white ginger']",,,
1441,,,,,
1442,,,,,
1443,,,,,
1444,,,,,
1445,,,,,
1446,,,,,
1447,,,,,
1448,,,,,
1449,,,,,
1450,,,,,
1451,,,,,
1452,,,,,
1453,,,,,
1454,,,,,
1455,,,,,
1456,,,,,
1457,,,,,
1458,"[5231, 'Leonurus Sibiricus Flower/Leaf/Stem Extract']","[1098, 'Ginkgo Biloba Extract']",,,
1459,,,,,
1460,,,,,
1461,,,,,
1462,,,,,
1463,,,,,
1464,,,,,
1465,,,,,
1466,,,,,
1467,,,,,
1468,,,,,
1469,,,,,
1470,,,,,
1471,,,,,
1472,,,,,
1473,,,,,
1474,,,,,
1475,,,,,
1476,,,,,
1477,,,,,
1478,,,,,
1479,,,,,
1480,,,,,
1481,,,,,
1482,,,,,
1483,,,,,
1484,,,,,
1485,,,,,
1486,,,,,
1487,,,,,
1488,,,,,
1489,,,,,
1490,,,,,
1491,,,,,
1492,,,,,
1493,,,,,
1494,,,,,
1495,,,,,
1496,,,,,
1497,,,,,
1498,,,,,
1499,,,,,
1500,,,,,
1501,,,,,
1502,,,,,
1503,,,,,
1504,,,,,
1505,,,,,
1506,,,,,
1507,,,,,
1508,,,,,
1509,,,,,
1510,,,,,
1511,,,,,
1512,,,,,
1513,,,,,
1514,,,,,
1515,,,,,
1516,,,,,
1517,,,,,
1518,,,,,
1519,,,,,
1520,,,,,
1521,,,,,
1522,,,,,
1523,,,,,
1524,,,,,
1525,,,,,
1526,,,,,
1527,,,,,
1528,,,,,
1529,,,,,
1530,,,,,
1531,,,,,
1532,,,,,
1533,,,,,
1534,,,,,
1535,,,,,
1536,,,,,
1537,,,,,
1538,,,,,
1539,,,,,
1540,,,,,
1541,,,,,
1542,,,,,
1543,,,,,
1544,,,,,
1545,,,,,
1546,,,,,
1547,,,,,
1548,,,,,
1549,,,,,
1550,,,,,
1551,,,,,
1552,,,,,
1553,,,,,
1554,,,,,
1555,,,,,
1556,,,,,
1557,,,,,
1558,,,,,
1559,,,,,
1560,"[3060, 'Melissa Officinails Leaf Extract']","[492, 'Centella Asiarica Extract']","[1206, 'Honey Extract']","[1130, 'Glycine Max(Soybean) Seed Extract']",
1561,,,,,
1562,,,,,
1563,,,,,
1564,,,,,
1565,,,,,
1566,,,,,
1567,,,,,
1568,,,,,
1569,,,,,
1570,,,,,
1571,,,,,
1572,,,,,
1573,,,,,
1574,,,,,
1575,,,,,
1576,,,,,
1577,,,,,
1578,,,,,
1579,,,,,
1580,,,,,
1581,,,,,
1582,,,,,
1583,,,,,
1584,,,,,
1585,,,,,
1586,,,,,
1587,,,,,
1588,,,,,
1589,,,,,
1590,,,,,
1591,,,,,
1592,,,,,
1593,,,,,
1594,,,,,
1595,,,,,
1596,,,,,
1597,,,,,
1598,,,,,
1599,,,,,
1600,,,,,
1601,,,,,
1602,"[3979, 'Methyl']","[946, 'ethyl']","[3982, 'propyl']","[357, 'butyl paraben mix']",
1603,,,,,
1604,,,,,
1605,,,,,
1606,"[32, 'Methylchloroisothiazolinone']","[21, 'Methylisothiazolinone']",,,
1607,,,,,
1608,,,,,
1609,"[21, 'Methylisothiazolinone']","[556, 'chlorphenesin']",,,
1610,,,,,
1611,,,,,
1612,,,,,
1613,,,,,
1614,,,,,
1615,,,,,
1616,,,,,
1617,,,,,
1618,,,,,
1619,,,,,
1620,,,,,
1621,,,,,
1622,,,,,
1623,,,,,
1624,,,,,
1625,,,,,
1626,,,,,
1627,,,,,
1628,,,,,
1629,,,,,
1630,,,,,
1631,,,,,
1632,,,,,
1633,,,,,
1634,,,,,
1635,,,,,
1636,,,,,
1637,,,,,
1638,,,,,
1639,,,,,
1640,,,,,
1641,,,,,
1642,,,,,
1643,,,,,
1644,,,,,
1645,,,,,
1646,,,,,
1647,,,,,
1648,,,,,
1649,,,,,
1650,,,,,
1651,,,,,
1652,,,,,
1653,,,,,
1654,,,,,
1655,,,,,
1656,,,,,
1657,,,,,
1658,,,,,
1659,,,,,
1660,,,,,
1661,,,,,
1662,,,,,
1663,,,,,
1664,,,,,
1665,,,,,
1666,,,,,
1667,,,,,
1668,,,,,
1669,,,,,
1670,,,,,
1671,,,,,
1672,,,,,
1673,,,,,
1674,,,,,
1675,,,,,
1676,,,,,
1677,,,,,
1678,,,,,
1679,,,,,
1680,,,,,
1681,,,,,
1682,,,,,
1683,,,,,
1684,,,,,
1685,,,,,
1686,,,,,
1687,,,,,
1688,,,,,
1689,,,,,
1690,,,,,
1691,,,,,
1692,"[1952, 'Natural plant extracts']","[934, 'essential oils']",,,
1693,"[181, 'Natural plant extracts-Camomile']","[977, 'Euphrasia']",,,
1694,,,,,
1695,,,,,
1696,,,,,
1697,,,,,
1698,,,,,
1699,,,,,
1700,,,,,
1701,,,,,
1702,,,,,
1703,,,,,
1704,,,,,
1705,,,,,
1706,,,,,
1707,,,,,
1708,,,,,
1709,,,,,
1710,,,,,
1711,,,,,
1712,,,,,
1713,,,,,
1714,,,,,
1715,,,,,
1716,,,,,
1717,,,,,
1718,,,,,
1719,,,,,
1720,,,,,
1721,,,,,
1722,,,,,
1723,,,,,
1724,,,,,
1725,,,,,
1726,,,,,
1727,,,,,
1728,,,,,
1729,,,,,
1730,,,,,
1731,,,,,
1732,,,,,
1733,,,,,
1734,,,,,
1735,,,,,
1736,,,,,
1737,,,,,
1738,,,,,
1739,,,,,
1740,"[5232, 'Octyldodeceth-25']","[5233, 'Decyltetradeceth-25 Mixture']",,,
1741,,,,,
1742,,,,,
1743,,,,,
1744,,,,,
1745,,,,,
1746,,,,,
1747,,,,,
1748,,,,,
1749,,,,,
1750,,,,,
1751,,,,,
1752,,,,,
1753,,,,,
1754,,,,,
1755,,,,,
1756,,,,,
1757,,,,,
1758,,,,,
1759,,,,,
1760,,,,,
1761,,,,,
1762,,,,,
1763,,,,,
1764,,,,,
1765,,,,,
1766,,,,,
1767,,,,,
1768,"[1769, 'Omega 3']","[5234, '6 fatty acid']",,,
1769,,,,,
1770,,,,,
1771,,,,,
1772,,,,,
1773,"[5235, 'Orchid']","[2555, 'Lilac']","[4362, 'Lavender Extracts']",,
1774,,,,,
1775,,,,,
1776,,,,,
1777,,,,,
1778,,,,,
1779,,,,,
1780,,,,,
1781,,,,,
1782,,,,,
1783,,,,,
1784,,,,,
1785,"[5236, 'Ostrea Edulis']","[5237, 'Crassostre Gigas']",,,
1786,,,,,
1787,,,,,
1788,,,,,
1789,,,,,
1790,,,,,
1791,,,,,
1792,,,,,
1793,,,,,
1794,,,,,
1795,,,,,
1796,,,,,
1797,,,,,
1798,,,,,
1799,,,,,
1800,,,,,
1801,,,,,
1802,,,,,
1803,,,,,
1804,,,,,
1805,,,,,
1806,,,,,
1807,,,,,
1808,,,,,
1809,,,,,
1810,,,,,
1811,,,,,
1812,,,,,
1813,,,,,
1814,,,,,
1815,,,,,
1816,,,,,
1817,,,,,
1818,,,,,
1819,,,,,
1820,,,,,
1821,,,,,
1822,,,,,
1823,,,,,
1824,,,,,
1825,,,,,
1826,,,,,
1827,,,,,
1828,,,,,
1829,,,,,
1830,,,,,
1831,,,,,
1832,"[5238, 'PEG 150 PENTAERYTHRITY TETRASTEARATE']","[5239, ' PEG 6 CAPRYLIC/CAPRIC GLYCERIDES']",,,
1833,,,,,
1834,,,,,
1835,,,,,
1836,,,,,
1837,,,,,
1838,,,,,
1839,,,,,
1840,,,,,
1841,,,,,
1842,,,,,
1843,,,,,
1844,,,,,
1845,,,,,
1846,,,,,
1847,,,,,
1848,,,,,
1849,,,,,
1850,,,,,
1851,,,,,
1852,,,,,
1853,,,,,
1854,,,,,
1855,,,,,
1856,,,,,
1857,,,,,
1858,,,,,
1859,,,,,
1860,,,,,
1861,,,,,
1862,,,,,
1863,"[1862, 'PEG-45 PALM KERNEL GLYCERIDES']","[5239, 'PEG-6 CAPRYLIC/CAPRIC GLYCERIDES']",,,
1864,,,,,
1865,,,,,
1866,,,,,
1867,,,,,
1868,,,,,
1869,,,,,
1870,,,,,
1871,,,,,
1872,,,,,
1873,,,,,
1874,,,,,
1875,,,,,
1876,"[4112, 'PEG-8 dimethicone']","[1734, 'Octyldodecanol']","[2181, 'Retinyl palmitate']","[2724, 'Ascorbic acid']","[2308, 'Silica']"
1877,,,,,
1878,,,,,
1879,,,,,
1880,,,,,
1881,,,,,
1882,,,,,
1883,,,,,
1884,,,,,
1885,,,,,
1886,,,,,
1887,,,,,
1888,,,,,
1889,,,,,
1890,,,,,
1891,,,,,
1892,,,,,
1893,,,,,
1894,,,,,
1895,,,,,
1896,,,,,
1897,,,,,
1898,,,,,
1899,,,,,
1900,,,,,
1901,,,,,
1902,,,,,
1903,,,,,
1904,,,,,
1905,,,,,
1906,,,,,
1907,,,,,
1908,,,,,
1909,,,,,
1910,,,,,
1911,,,,,
1912,,,,,
1913,"[1912, 'Phenoxyethanol']","[881, 'DMDM Hydantoin']","[1306, 'Iodopropynyl Butylcarbamate']",,
1914,"[1912, 'PHENOXYETHANOL']","[881, 'DMDM HYDANTOIN']","[3979, 'METHYLPARABEN']","[30, 'PROPYLPARABEN']",
1915,"[1912, 'PHENOXYETHANOL']","[3979, 'METHYLPARABEN']","[946, 'ETHYLPARABEN']","[30, 'PROPYLPARABEN']","[357, 'BUTYLPARABEN']"
1916,,,,,
1917,,,,,
1918,,,,,
1919,,,,,
1920,,,,,
1921,,,,,
1922,,,,,
1923,,,,,
1924,,,,,
1925,,,,,
1926,,,,,
1927,,,,,
1928,,,,,
1929,,,,,
1930,,,,,
1931,,,,,
1932,,,,,
1933,,,,,
1934,,,,,
1935,"[1934, 'Pine oil']","[2538, 'surfactant']","[2746, 'water']",,
1936,,,,,
1937,,,,,
1938,,,,,
1939,,,,,
1940,,,,,
1941,,,,,
1942,,,,,
1943,,,,,
1944,,,,,
1945,,,,,
1946,,,,,
1947,,,,,
1948,,,,,
1949,,,,,
1950,,,,,
1951,,,,,
1952,,,,,
1953,,,,,
1954,,,,,
1955,,,,,
1956,,,,,
1957,,,,,
1958,,,,,
1959,,,,,
1960,,,,,
1961,,,,,
1962,,,,,
1963,,,,,
1964,,,,,
1965,,,,,
1966,,,,,
1967,,,,,
1968,,,,,
1969,,,,,
1970,,,,,
1971,,,,,
1972,,,,,
1973,,,,,
1974,,,,,
1975,,,,,
1976,,,,,
1977,,,,,
1978,,,,,
1979,,,,,
1980,,,,,
1981,,,,,
1982,,,,,
1983,,,,,
1984,,,,,
1985,,,,,
1986,,,,,
1987,,,,,
1988,,,,,
1989,,,,,
1990,,,,,
1991,,,,,
1992,,,,,
1993,,,,,
1994,,,,,
1995,,,,,
1996,,,,,
1997,,,,,
1998,,,,,
1999,"[1998, 'Polygonum Multiflorum Root Extract']","[5241, 'Cnidium Officinale Root Extract']","[5242, 'Citrus Unshiu Peel Extract']","[2962, 'Angelica Gigas Root Extract']",
2000,,,,,
2001,,,,,
2002,,,,,
2003,,,,,
2004,,,,,
2005,,,,,
2006,,,,,
2007,,,,,
2008,,,,,
2009,,,,,
2010,,,,,
2011,,,,,
2012,,,,,
2013,,,,,
2014,,,,,
2015,,,,,
2016,,,,,
2017,,,,,
2018,,,,,
2019,,,,,
2020,,,,,
2021,,,,,
2022,,,,,
2023,,,,,
2024,,,,,
2025,,,,,
2026,,,,,
2027,,,,,
2028,,,,,
2029,,,,,
2030,"[2041, 'Polyquarternium-37']","[4085, 'Propylene glycol dicaprylate/dicaprate']","[2084, 'PPG-1 trideceth-6']",,
2031,,,,,
2032,,,,,
2033,,,,,
2034,,,,,
2035,,,,,
2036,,,,,
2037,,,,,
2038,,,,,
2039,,,,,
2040,,,,,
2041,,,,,
2042,,,,,
2043,,,,,
2044,,,,,
2045,,,,,
2046,,,,,
2047,,,,,
2048,,,,,
2049,,,,,
2050,,,,,
2051,,,,,
2052,,,,,
2053,,,,,
2054,,,,,
2055,,,,,
2056,,,,,
2057,,,,,
2058,,,,,
2059,,,,,
2060,,,,,
2061,,,,,
2062,,,,,
2063,,,,,
2064,,,,,
2065,,,,,
2066,,,,,
2067,,,,,
2068,,,,,
2069,,,,,
2070,,,,,
2071,,,,,
2072,,,,,
2073,,,,,
2074,,,,,
2075,,,,,
2076,,,,,
2077,,,,,
2078,,,,,
2079,,,,,
2080,,,,,
2081,,,,,
2082,,,,,
2083,,,,,
2084,,,,,
2085,,,,,
2086,,,,,
2087,,,,,
2088,,,,,
2089,,,,,
2090,"[2089, 'PPG-26-Buteth-26']","[1860, 'PEG-40 Hydrogenated castor oil']",,,
2091,,,,,
2092,,,,,
2093,,,,,
2094,,,,,
2095,,,,,
2096,,,,,
2097,,,,,
2098,,,,,
2099,,,,,
2100,,,,,
2101,,,,,
2102,,,,,
2103,,,,,
2104,,,,,
2105,,,,,
2106,,,,,
2107,,,,,
2108,,,,,
2109,,,,,
2110,,,,,
2111,,,,,
2112,,,,,
2113,,,,,
2114,,,,,
2115,,,,,
2116,,,,,
2117,,,,,
2118,,,,,
2119,"[4, 'PROPYLENE GLYCOL']","[1598, 'METHYL PARABEN']","[2113, 'PROPYL PARABEN']","[1299, 'IMIDAZOLIDINYL UREA']","[1912, 'PHENOXYETHANOL']"
2120,"[4, 'Propylene Glycol']","[797, 'Diazolidinyl urea']","[3979, 'Methylparaben']","[30, 'Propylparaben']",
2121,,,,,
2122,,,,,
2123,,,,,
2124,,,,,
2125,,,,,
2126,,,,,
2127,,,,,
2128,,,,,
2129,,,,,
2130,,,,,
2131,,,,,
2132,,,,,
2133,,,,,
2134,,,,,
2135,,,,,
2136,,,,,
2137,,,,,
2138,,,,,
2139,,,,,
2140,,,,,
2141,,,,,
2142,,,,,
2143,,,,,
2144,,,,,
2145,,,,,
2146,,,,,
2147,,,,,
2148,,,,,
2149,,,,,
2150,,,,,
2151,,,,,
2152,,,,,
2153,,,,,
2154,,,,,
2155,,,,,
2156,,,,,
2157,,,,,
2158,,,,,
2159,,,,,
2160,,,,,
2161,"[2163, 'Quaternium-18']","[1329, 'Isopropyl Alcohol']",,,
2162,,,,,
2163,,,,,
2164,"[2163, 'Quaternium-18']","[4, 'Propylene Glycol']",,,
2165,,,,,
2166,,,,,
2167,,,,,
2168,,,,,
2169,,,,,
2170,,,,,
2171,,,,,
2172,,,,,
2173,,,,,
2174,"[1796, 'Red Ginsen Extract']","[2258, 'Sapindus Mukurossi Fruit extract']",,,
2175,,,,,
2176,,,,,
2177,,,,,
2178,,,,,
2179,,,,,
2180,,,,,
2181,,,,,
2182,,,,,
2183,"[3671, 'Rheum Palmatum Root Ext']","[4152, 'Eclipta Prostrata Ext']","[1998, 'Polygonum Multiflorum Root Ext']","[5243, 'Angelica Dahurica Root Ext']",
2184,,,,,
2185,,,,,
2186,,,,,
2187,,,,,
2188,,,,,
2189,,,,,
2190,,,,,
2191,,,,,
2192,,,,,
2193,,,,,
2194,,,,,
2195,,,,,
2196,,,,,
2197,,,,,
2198,,,,,
2199,,,,,
2200,,,,,
2201,,,,,
2202,"[2941, 'Rosa Damascena Flower Oil']","[786, 'Water']",,,
2203,,,,,
2204,"[2203, 'Rose']","[1174, 'hamamelis water']",,,
2205,,,,,
2206,,,,,
2207,,,,,
2208,,,,,
2209,,,,,
2210,,,,,
2211,,,,,
2212,,,,,
2213,,,,,
2214,,,,,
2215,,,,,
2216,,,,,
2217,,,,,
2218,,,,,
2219,,,,,
2220,,,,,
2221,,,,,
2222,,,,,
2223,,,,,
2224,,,,,
2225,,,,,
2226,,,,,
2227,,,,,
2228,,,,,
2229,,,,,
2230,,,,,
2231,,,,,
2232,,,,,
2233,,,,,
2234,,,,,
2235,,,,,
2236,,,,,
2237,,,,,
2238,,,,,
2239,,,,,
2240,,,,,
2241,"[2251, 'Sage']","[1430, 'Lavender']","[2213, 'Rosemary Extract']",,
2242,,,,,
2243,,,,,
2244,,,,,
2245,,,,,
2246,,,,,
2247,,,,,
2248,,,,,
2249,"[3326, 'Salvia Offcinalis Leaf Extract']","[1431, 'Lavandula Angustifolia Extract']","[4444, 'Rosemariuns Offcinalis Leaf Extract']",,
2250,,,,,
2251,,,,,
2252,,,,,
2253,,,,,
2254,,,,,
2255,,,,,
2256,,,,,
2257,,,,,
2258,,,,,
2259,,,,,
2260,,,,,
2261,,,,,
2262,,,,,
2263,,,,,
2264,,,,,
2265,,,,,
2266,,,,,
2267,,,,,
2268,,,,,
2269,,,,,
2270,,,,,
2271,,,,,
2272,,,,,
2273,,,,,
2274,,,,,
2275,,,,,
2276,,,,,
2277,,,,,
2278,,,,,
2279,,,,,
2280,,,,,
2281,,,,,
2282,,,,,
2283,,,,,
2284,,,,,
2285,,,,,
2286,,,,,
2287,,,,,
2288,,,,,
2289,,,,,
2290,,,,,
2291,,,,,
2292,,,,,
2293,,,,,
2294,,,,,
2295,,,,,
2296,"[1969, '폴리아크릴아마이드']","[383, 'C13-14아이소파라핀']","[1411, '라우레스-7']","[2143, '정제수']",
2297,,,,,
2298,,,,,
2299,,,,,
2300,,,,,
2301,,,,,
2302,,,,,
2303,,,,,
2304,,,,,
2305,,,,,
2306,,,,,
2307,,,,,
2308,,,,,
2309,,,,,
2310,,,,,
2311,,,,,
2312,,,,,
2313,,,,,
2314,,,,,
2315,,,,,
2316,,,,,
2317,,,,,
2318,,,,,
2319,,,,,
2320,"[2319, 'SILK PROTEIN']","[142, 'AMINO ACID']",,,
2321,,,,,
2322,,,,,
2323,,,,,
2324,,,,,
2325,,,,,
2326,,,,,
2327,,,,,
2328,,,,,
2329,,,,,
2330,,,,,
2331,,,,,
2332,,,,,
2333,,,,,
2334,,,,,
2335,,,,,
2336,,,,,
2337,,,,,
2338,,,,,
2339,,,,,
2340,"[2339, 'Sodium Benzoate']","[5244, 'Chloroacetamide']",,,
2341,,,,,
2342,,,,,
2343,,,,,
2344,,,,,
2345,,,,,
2346,,,,,
2347,,,,,
2348,,,,,
2349,,,,,
2350,,,,,
2351,,,,,
2352,"[4369, 'Lauryl glucoside']","[645, 'cocamidopropyl betaine']",,,
2353,,,,,
2354,,,,,
2355,,,,,
2356,,,,,
2357,,,,,
2358,,,,,
2359,,,,,
2360,,,,,
2361,,,,,
2362,,,,,
2363,,,,,
2364,"[2363, 'Sodium Cocoyl Glutamate']","[5245, 'Potassium Cocoyl Rice Amino Acids']",,,
2365,,,,,
2366,,,,,
2367,,,,,
2368,,,,,
2369,,,,,
2370,,,,,
2371,,,,,
2372,,,,,
2373,,,,,
2374,,,,,
2375,,,,,
2376,,,,,
2377,,,,,
2378,,,,,
2379,,,,,
2380,,,,,
2381,,,,,
2382,,,,,
2383,,,,,
2384,,,,,
2385,,,,,
2386,,,,,
2387,,,,,
2388,,,,,
2389,,,,,
2390,"[2389, 'Sodium Laureth Sulfate']","[1420, 'Lauryl Glucoside']","[645, 'Cocamidopropyl Betaine']",,
2391,"[2389, 'Sodium laureth sulfate']","[5246, 'Alkyl polyglycoside']",,,
2392,"[2389, 'Sodium laureth sulfate']","[935, 'Ethanol']",,,
2393,"[1136, 'glycol distearate']","[1409, 'Laureth-4']","[645, 'cocamidopropyl betaine']",,
2394,"[2389, 'Sodium Laureth Sulfate']","[1136, 'Glycol Distearate']","[635, 'Cocamaide MEA']","[1404, 'Laureth-10']",
2395,"[2389, 'SODIUM LAURETH SULFATE']","[2569, 'TEA LAURYL SULFATE']",,,
2396,"[2389, 'Sodium Laureth Sulfate']","[2569, 'TEA Lauryl Sulfate']","[645, 'Cocamidopropyl Betaine']",,
2397,,,,,
2398,,,,,
2399,,,,,
2400,,,,,
2401,,,,,
2402,,,,,
2403,"[2402, 'Sodium lauryl ether sulfate']","[645, 'cocamidopropyl betaine']","[1420, 'lauryl glucoside blend']",,
2404,"[5247, 'SODIUM LAURYL GLUCOSE CARBOXYLATE']","[1420, 'LAURYL GLUCOSIDE']",,,
2405,,,,,
2406,,,,,
2407,,,,,
2408,"[1425, 'Sodium lauryl sulfate']","[2389, 'Sodium laureth sulfate']","[635, 'Cocamide MEA']","[645, 'Cocamidopropyl betaine']",
2409,"[1425, 'Sodium Lauryl Sulfate']","[2389, 'Sodium Laureth Sulfate']",,,
2410,,,,,
2411,,,,,
2412,,,,,
2413,,,,,
2414,,,,,
2415,"[5248, 'SODIUM METHYL-2-SULFOLAURATE']","[3372, 'SODIUM LAURYL SULFOACETATE']","[5249, 'DISODIUM 2 SULFOLAURATE']",,
2416,,,,,
2417,,,,,
2418,,,,,
2419,,,,,
2420,,,,,
2421,,,,,
2422,,,,,
2423,,,,,
2424,,,,,
2425,,,,,
2426,,,,,
2427,,,,,
2428,,,,,
2429,,,,,
2430,,,,,
2431,,,,,
2432,,,,,
2433,,,,,
2434,,,,,
2435,,,,,
2436,,,,,
2437,,,,,
2438,,,,,
2439,,,,,
2440,,,,,
2441,,,,,
2442,,,,,
2443,,,,,
2444,,,,,
2445,,,,,
2446,,,,,
2447,,,,,
2448,,,,,
2449,,,,,
2450,,,,,
2451,,,,,
2452,"[2389, 'SODIUM LAURETH SULFATE']","[2569, 'TEA LAURYL SULFATE']","[645, 'COCAMIDOPROPYL BETAINE']",,
2453,,,,,
2454,,,,,
2455,,,,,
2456,,,,,
2457,,,,,
2458,,,,,
2459,,,,,
2460,,,,,
2461,,,,,
2462,,,,,
2463,,,,,
2464,,,,,
2465,,,,,
2466,,,,,
2467,,,,,
2468,,,,,
2469,,,,,
2470,,,,,
2471,,,,,
2472,,,,,
2473,,,,,
2474,,,,,
2475,,,,,
2476,,,,,
2477,,,,,
2478,,,,,
2479,,,,,
2480,,,,,
2481,,,,,
2482,,,,,
2483,,,,,
2484,,,,,
2485,,,,,
2486,,,,,
2487,"[4078, 'fragrance']","[4760, 'polysorbate20']",,,
2488,,,,,
2489,,,,,
2490,,,,,
2491,,,,,
2492,,,,,
2493,,,,,
2494,,,,,
2495,,,,,
2496,,,,,
2497,,,,,
2498,,,,,
2499,,,,,
2500,,,,,
2501,,,,,
2502,,,,,
2503,,,,,
2504,,,,,
2505,,,,,
2506,"[2507, 'Stearyl Alchol']","[5250, 'Emulsifying Agent']",,,
2507,,,,,
2508,,,,,
2509,,,,,
2510,,,,,
2511,,,,,
2512,,,,,
2513,,,,,
2514,,,,,
2515,,,,,
2516,,,,,
2517,,,,,
2518,,,,,
2519,,,,,
2520,,,,,
2521,,,,,
2522,,,,,
2523,,,,,
2524,,,,,
2525,,,,,
2526,,,,,
2527,,,,,
2528,,,,,
2529,,,,,
2530,,,,,
2531,,,,,
2532,"[2534, 'Sunflower']","[2754, 'Wheat Germ Oil']",,,
2533,,,,,
2534,,,,,
2535,,,,,
2536,,,,,
2537,,,,,
2538,,,,,
2539,,,,,
2540,,,,,
2541,,,,,
2542,,,,,
2543,,,,,
2544,,,,,
2545,,,,,
2546,,,,,
2547,,,,,
2548,,,,,
2549,,,,,
2550,,,,,
2551,,,,,
2552,,,,,
2553,,,,,
2554,"[5251, 'Synthetic Fluorphlogopite']","[1310, 'Iron Oxide']","[2605, 'Titanium Dioxide']",,
2555,,,,,
2556,,,,,
2557,,,,,
2558,,,,,
2559,,,,,
2560,,,,,
2561,,,,,
2562,,,,,
2563,,,,,
2564,,,,,
2565,,,,,
2566,,,,,
2567,,,,,
2568,,,,,
2569,,,,,
2570,"[2569, 'TEA LAURYL SULFATE']","[645, 'COCAMIDOPROPYL BETAINE']",,,
2571,,,,,
2572,,,,,
2573,,,,,
2574,,,,,
2575,"[2574, 'TEA-cocoyl hydrolyzd collagen']","[2466, 'sorbitol']",,,
2576,,,,,
2577,,,,,
2578,,,,,
2579,,,,,
2580,,,,,
2581,,,,,
2582,,,,,
2583,,,,,
2584,,,,,
2585,"[899, 'Tetrasodium EDTA']","[2380, 'Sodium hydroxide']",,,
2586,,,,,
2587,,,,,
2588,,,,,
2589,,,,,
2590,,,,,
2591,,,,,
2592,,,,,
2593,,,,,
2594,,,,,
2595,,,,,
2596,,,,,
2597,,,,,
2598,,,,,
2599,,,,,
2600,"[5252, 'Thymus Satureiodes Water']","[934, 'Essential Oils']",,,
2601,,,,,
2602,,,,,
2603,,,,,
2604,,,,,
2605,,,,,
2606,,,,,
2607,,,,,
2608,,,,,
2609,,,,,
2610,,,,,
2611,,,,,
2612,,,,,
2613,,,,,
2614,,,,,
2615,,,,,
2616,,,,,
2617,,,,,
2618,,,,,
2619,,,,,
2620,,,,,
2621,,,,,
2622,,,,,
2623,,,,,
2624,,,,,
2625,,,,,
2626,,,,,
2627,,,,,
2628,,,,,
2629,,,,,
2630,,,,,
2631,,,,,
2632,,,,,
2633,,,,,
2634,,,,,
2635,,,,,
2636,,,,,
2637,,,,,
2638,,,,,
2639,,,,,
2640,,,,,
2641,,,,,
2642,,,,,
2643,,,,,
2644,,,,,
2645,,,,,
2646,,,,,
2647,,,,,
2648,,,,,
2649,,,,,
2650,,,,,
2651,,,,,
2652,,,,,
2653,,,,,
2654,,,,,
2655,,,,,
2656,,,,,
2657,,,,,
2658,,,,,
2659,,,,,
2660,,,,,
2661,,,,,
2662,,,,,
2663,,,,,
2664,,,,,
2665,,,,,
2666,,,,,
2667,,,,,
2668,,,,,
2669,,,,,
2670,,,,,
2671,,,,,
2672,,,,,
2673,,,,,
2674,,,,,
2675,,,,,
2676,,,,,
2677,,,,,
2678,,,,,
2679,,,,,
2680,,,,,
2681,,,,,
2682,,,,,
2683,,,,,
2684,,,,,
2685,"[2679, 'Vanilla']","[108, 'Almond extract']",,,
2686,,,,,
2687,,,,,
2688,,,,,
2689,,,,,
2690,,,,,
2691,,,,,
2692,,,,,
2693,,,,,
2694,,,,,
2695,,,,,
2696,,,,,
2697,,,,,
2698,,,,,
2699,,,,,
2700,,,,,
2701,,,,,
2702,,,,,
2703,,,,,
2704,,,,,
2705,,,,,
2706,"[2705, 'Vitamin A']","[2727, 'D']",,,
2707,,,,,
2708,,,,,
2709,"[2705, 'Vitamin A']","[2712, 'B']","[2727, 'D']","[2728, 'E']",
2710,"[2705, 'Vitamin A']","[2727, 'D']","[2728, 'E']",,
2711,"[2705, 'Vitamin A']","[2727, 'D']","[2728, 'E']","[2720, 'B5']",
2712,,,,,
2713,,,,,
2714,,,,,
2715,,,,,
2716,,,,,
2717,,,,,
2718,,,,,
2719,,,,,
2720,,,,,
2721,,,,,
2722,,,,,
2723,,,,,
2724,,,,,
2725,,,,,
2726,,,,,
2727,,,,,
2728,,,,,
2729,,,,,
2730,,,,,
2731,,,,,
2732,,,,,
2733,,,,,
2734,,,,,
2735,,,,,
2736,,,,,
2737,,,,,
2738,,,,,
2739,"[2705, 'Vitamins A']","[2727, 'Pro-Vitamin D']","[2730, 'Vitamin E']",,
2740,"[2705, 'Vitamins A']","[2724, 'C']","[2728, 'E']",,
2741,,,,,
2742,,,,,
2743,,,,,
2744,,,,,
2745,,,,,
2746,,,,,
2747,"[786, 'Water']","[3812, 'Zinc ricinoleate']","[2587, 'Tetrasodium glutamate diacetate']","[2098, 'Propanediol']",
2748,"[786, 'Water']","[361, 'Butylen Glycol']","[3, 'Glycerin']","[3671, 'Rheum Palmatum Root Ext.']","[4152, 'Eclipta Prostrata Ext.']"
2749,,,,,
2750,,,,,
2751,,,,,
2752,,,,,
2753,,,,,
2754,,,,,
2755,,,,,
2756,,,,,
2757,,,,,
2758,,,,,
2759,,,,,
2760,,,,,
2761,,,,,
2762,,,,,
2763,,,,,
2764,,,,,
2765,,,,,
2766,,,,,
2767,,,,,
2768,,,,,
2769,,,,,
2770,,,,,
2771,,,,,
2772,,,,,
2773,,,,,
2774,,,,,
2775,,,,,
2776,,,,,
2777,,,,,
2778,,,,,
2779,,,,,
2780,,,,,
2781,,,,,
2782,,,,,
2783,,,,,
2784,,,,,
2785,,,,,
2786,,,,,
2787,,,,,
2788,,,,,
2789,,,,,
2790,,,,,
2791,,,,,
2792,,,,,
2793,,,,,
2794,,,,,
2795,,,,,
2796,,,,,
2797,,,,,
2798,,,,,
2799,,,,,
2800,,,,,
2801,,,,,
2802,,,,,
2803,,,,,
2804,,,,,
2805,,,,,
2806,,,,,
2807,,,,,
2808,,,,,
2809,,,,,
2810,,,,,
2811,,,,,
2812,,,,,
2813,,,,,
2814,,,,,
2815,,,,,
2816,,,,,
2817,,,,,
2818,,,,,
2819,,,,,
2820,,,,,
2821,,,,,
2822,,,,,
2823,,,,,
2824,,,,,
2825,,,,,
2826,,,,,
2827,,,,,
2828,,,,,
2829,,,,,
2830,,,,,
2831,,,,,
2832,"[2, '1,2-헥산다이올']","[1145, '감초뿌리추출물']","[361, '부틸렌글라이콜']",,
2833,"[1145, '감초뿌리추출물']","[5254, '단삼뿌리추출물']","[3567, '오미자추출물']","[5255, '황련추출물']","[5256, '붉나무충영추출물']"
2834,,,,,
2835,,,,,
2836,"[2835, '개다래추출물']","[473, '개박하추출물']","[3174, '설령쥐오줌풀뿌리추출물']","[1502, '인동덩굴꽃추출물']",
2837,"[2835, '개다래추출물']","[3174, '설령쥐오줌풀뿌리추출물']","[473, '개박하추출물']","[1502, '금은화추출물']",
2838,,,,,
2839,,,,,
2840,,,,,
2841,,,,,
2842,,,,,
2843,"[2842, '검은깨추출물']","[361, '부틸렌글라이콜']",,,
2844,,,,,
2845,"[2, '1,2-헥산다이올']","[2844, '검정콩추출물']","[361, '부틸렌글라이콜']",,
2846,"[2844, '검정콩추출물']","[361, '부틸렌글라이콜']",,,
2847,"[2844, '검정콩추출물']","[3343, '석류추출물']","[1252, '하이드롤라이즈드케라틴']",,
2848,,,,,
2849,,,,,
2850,,,,,
2851,,,,,
2852,,,,,
2853,,,,,
2854,,,,,
2855,,,,,
2856,,,,,
2857,,,,,
2858,,,,,
2859,,,,,
2860,,,,,
2861,,,,,
2862,,,,,
2863,,,,,
2864,,,,,
2865,,,,,
2866,,,,,
2867,,,,,
2868,,,,,
2869,,,,,
2870,,,,,
2871,,,,,
2872,,,,,
2873,,,,,
2874,,,,,
2875,"[1733, '귀리가루추출물']","[361, '부틸렌글라이콜']",,,
2876,"[1733, '귀리가루추출물']","[1246, '하이드롤라이즈드콜라겐']","[3897, '코코넛추출물']",,
2877,,,,,
2878,,,,,
2879,,,,,
2880,,,,,
2881,,,,,
2882,,,,,
2883,"[1115, '글리세린']","[5257, '글리세릴아크릴레이트/아크릴릭애씨드코폴리머']","[2, '1,2-헥산다이올']","[2143, '정제수']",
2884,"[1115, '글리세린']","[2143, '정제수']","[5258, '수크로오스스테아레이트']","[1446, '레시틴']","[5259, '라이코펜']"
2885,"[1115, '글리세린']","[433, '카프릴릭/카프릭트라이글리세라이드']","[2143, '정제수']","[1233, '하이드로제네이티드레시틴']","[2, '1,2-헥산다이올']"
2886,"[1115, '글리세린']","[1446, '경화레시틴']","[502, '세라마이드엔피']",,
2887,"[3, '글리세린']","[433, '카프릴릭/카프릭트리글리세리드']","[2143, '정제수']","[1446, '경화레시틴']","[5260, '피토스테릴/옥틸도데실라우로일글루타메이트']"
2888,"[1115, '글리세린']","[433, '카프릴릭·카프릭트리글리세리드']","[2143, '정제수']","[1446, '경화레시틴']","[5260, '피토스테린·옥틸도데실라우로일글루타메이트']"
2889,"[1115, '글리세린']","[433, '카프릴릭ㆍ카프릭트리글리세리드']","[2143, '정제수']","[1446, '경화레시틴']","[5260, '피토스테릴/옥틸도데실라우로일글루타메이트']"
2890,"[1115, '글리세린']","[5261, '폴리글리세릴-10에이코산디오에이트/테트라데칸디오에이트']",,,
2891,,,,,
2892,"[5262, '글리세린지방산에스테르']","[3284, '비타민B1라우릴황산염']","[1115, '글리세린']","[5263, '주정혼합물']",
2893,,,,,
2894,,,,,
2895,"[1123, '글리세릴스테아레이트']","[1840, '피이지-100스테아레이트']",,,
2896,,,,,
2897,,,,,
2898,"[5264, '글리세릴카프레이트']","[5265, '폴리글리세릴-2라우레이트']","[4461, '폴리글리세릴-10라우레이트']",,
2899,,,,,
2900,,,,,
2901,,,,,
2902,,,,,
2903,"[1206, '꿀추출물']","[119, '알로에베라잎추출물']","[2213, '로즈마리추출물']",,
2904,"[1206, '꿀추출물']","[119, '알로에베라잎추출물']","[2213, '로즈마리추출물']","[361, '부틸렌글라이콜']","[2143, '정제수']"
2905,"[2, '1,2-헥산다이올']","[1206, '꿀추출물']","[990, '우유추출물']","[2105, '프로폴리스추출물']","[2220, '로얄젤리추출물']"
2906,"[2, '1,2-헥산다이올']","[1206, '꿀추출물']","[361, '부틸렌글라이콜']","[2143, '정제수']",
2907,,,,,
2908,,,,,
2909,,,,,
2910,,,,,
2911,,,,,
2912,"[2913, '난황액']","[5266, '이소말토올리고당']",,,
2913,,,,,
2914,,,,,
2915,,,,,
2916,,,,,
2917,,,,,
2918,"[2, '1,2-헥산다이올']","[5267, '녹나무껍질추출물']","[5268, '오레가노추출물']","[5269, '별꽃추출물']","[2143, '정제수']"
2919,,,,,
2920,,,,,
2921,,,,,
2922,,,,,
2923,,,,,
2924,"[421, '녹차수']","[789, '데하이드로아세틱애씨드']","[268, '벤질알코올']",,
2925,,,,,
2926,"[4309, '녹차추출물']","[1912, '페녹시에탄올']","[361, '부틸렌글라이콜']",,
2927,"[4309, '녹차추출물']","[2, '1,2-헥산다이올']",,,
2928,"[4309, '녹차추출물']","[2971, '대왕송잎추출물']",,,
2929,"[4309, '녹차추출물']","[91, '알코올']","[2143, '정제수 혼합물']",,
2930,"[4309, '녹차추출물']","[533, '편백나무잎추출물']","[1155, '자몽추출물']",,
2931,,,,,
2932,,,,,
2933,,,,,
2934,,,,,
2935,,,,,
2936,,,,,
2937,,,,,
2938,,,,,
2939,"[2, '1,2-헥산다이올']","[2200, '다마스크장미꽃수']","[361, '부틸렌글리콜']","[1890, '펜틸렌글라이콜']","[436, '카프릴릴글라이콜']"
2940,"[2, '1,2-헥산다이올']","[2200, '다마스크장미꽃수']",,,
2941,,,,,
2942,,,,,
2943,"[2942, '다마스크장미꽃추출물']","[1432, '라벤더꽃추출물']","[3068, '로즈마리꽃추출물']",,
2944,,,,,
2945,"[813, '다이메티콘']","[2143, '정제수']","[3033, '라우레스-23']","[3034, '라우레스-3']","[2775, '잔탄검']"
2946,"[813, '다이메티콘']","[2143, '정제수']","[4595, '라우레스-4']","[3033, '라우레스-23']","[2245, '살리실릭애씨드']"
2947,,,,,
2948,,,,,
2949,"[863, '다이소듐라우레스설포석시네이트']","[2339, '소듐벤조에이트']","[2143, '정제수']",,
2950,,,,,
2951,,,,,
2952,,,,,
2953,"[835, '다이소듐코코암포다이아세테이트']","[2350, '소듐클로라이드']","[1195, '헥실렌글라이콜']","[2143, '정제수']",
2954,,,,,
2955,,,,,
2956,,,,,
2957,"[791, '다이카프릴릴에터']","[5270, '라우릴알코올']",,,
2958,"[5271, '다이코코다이모늄클로라이드']","[1329, '아이소프로필알코올']",,,
2959,,,,,
2960,,,,,
2961,,,,,
2962,,,,,
2963,,,,,
2964,,,,,
2965,,,,,
2966,,,,,
2967,,,,,
2968,,,,,
2969,,,,,
2970,,,,,
2971,,,,,
2972,,,,,
2973,,,,,
2974,,,,,
2975,,,,,
2976,,,,,
2977,,,,,
2978,,,,,
2979,,,,,
2980,,,,,
2981,"[413, '동백나무씨오일']","[203, '아르간커넬오일']","[1348, '호호바씨오일']","[1504, '마카다미아씨오일']","[767, '레몬그라스잎오일']"
2982,,,,,
2983,,,,,
2984,,,,,
2985,,,,,
2986,,,,,
2987,,,,,
2988,,,,,
2989,,,,,
2990,,,,,
2991,"[2990, '드럼스틱씨오일']","[2606, '토코페롤']",,,
2992,,,,,
2993,"[2996, '들국화']","[3844, '측백엽']","[4436, '상백피']","[1214, '어성초']","[3805, '숙지황']"
2994,"[2996, '들국화']","[3844, '측백엽']","[4436, '상백피']","[1214, '어성초']","[3805, '숙지황']"
2995,"[2996, '들국화']","[3844, '측백엽']","[4436, '상백피']","[1214, '어성초']","[3805, '숙지황']"
2996,,,,,
2997,,,,,
2998,,,,,
2999,,,,,
3000,,,,,
3001,,,,,
3002,,,,,
3003,"[813, '디메치콘']","[3410, '스테아레스-2']","[2502, '스테아레스-20']",,
3004,"[5272, '디메치콘/비닐디메치콘크로스폴리머']","[5273, '이소세테스-10']","[5274, '이소세테스-25']",,
3005,"[823, '디메치콘올']","[780, '사이클로펜타실록산']",,,
3006,,,,,
3007,"[813, '디메티콘']","[5275, '피이지-10']","[2143, '정제수']",,
3008,,,,,
3009,,,,,
3010,"[863, '디소듐라우레스설포석시네이트']","[3372, '소듐라우릴설포아세테이트']",,,
3011,"[835, '디소듐코코디암포디아세테이트']","[1425, '라우릴황산나트륨']","[1195, '헥실렌글리콜']","[2350, '염화나트륨']",
3012,,,,,
3013,,,,,
3014,,,,,
3015,,,,,
3016,,,,,
3017,,,,,
3018,,,,,
3019,,,,,
3020,"[1431, '라벤더']","[3209, '베르가못잎']","[4006, '페퍼민트잎']","[5276, '프리지어']","[179, '캐모마일꽃']"
3021,"[2, '1,2-헥산다이올']","[1431, '라벤더']","[3209, '베르가못잎']","[4006, '페퍼민트잎']","[5276, '프리지어']"
3022,"[2, '1,2-헥산다이올']","[1431, '라벤더']","[3209, '베르가못잎']","[4006, '페퍼민트잎']","[5276, '프리지어']"
3023,"[1431, '라벤더']","[3209, '베르가못잎']","[4006, '페퍼민트잎']","[5276, '프리지어']","[3099, '마트리카리아꽃']"
3024,,,,,
3025,"[1439, '라벤더꽃수']","[2074, '포타슘솔베이트']","[2339, '소듐벤조에이트']","[601, '시트릭애씨드']",
3026,"[1439, '라벤더꽃수']","[2281, '황금추출물']","[1788, '모란뿌리추출물']","[2143, '정제수']",
3027,,,,,
3028,,,,,
3029,"[1431, '라벤더추출물']","[3209, '베르가못잎추출물']","[4006, '페퍼민트잎추출물']","[5276, '프리지어추출물']","[179, '캐모마일꽃추출물']"
3030,"[1431, '라벤더추출물']","[3209, '베르가못잎추출물']","[4006, '페퍼민트잎추출물']","[5276, '프리지어추출물']","[3099, '마트리카리아꽃추출물']"
3031,,,,,
3032,"[1400, '라우라미도프로필베타인']","[2350, '소듐클로라이드']","[2143, '정제수']",,
3033,,,,,
3034,,,,,
3035,,,,,
3036,"[1420, '라우릴글루코사이드']","[2143, '정제수']",,,
3037,"[1420, '라우릴글루코사이드']","[935, '에탄올']","[2143, '정제수']",,
3038,,,,,
3039,"[5277, '라우릴피리디늄클로라이드']","[1195, '헥실렌글라이콜']","[1461, '레불리닉애씨드']","[2342, '소듐바이카보네이트']",
3040,,,,,
3041,,,,,
3042,,,,,
3043,,,,,
3044,,,,,
3045,"[2222, '라즈베리추출물']","[361, '부틸렌글라이콜']",,,
3046,"[5217, '라즈베리케톤']","[5217, '벤질글라이콜']","[956, '에틸헥실글리세린']",,
3047,,,,,
3048,,,,,
3049,"[5278, '락토바실러스/소이밀크발효여과물']","[2, '1,2-헥산다이올']",,,
3050,"[5279, '락토바실러스/옥수수커넬발효추출여과물']","[2281, '황금추출물']","[5254, '단삼뿌리추출물']",,
3051,,,,,
3052,,,,,
3053,,,,,
3054,,,,,
3055,,,,,
3056,,,,,
3057,,,,,
3058,,,,,
3059,,,,,
3060,,,,,
3061,,,,,
3062,,,,,
3063,"[2181, '레티닐팔미테이트']","[5280, '판테닐트라이아세테이트']","[5281, '콜레칼시페롤피이지-12에터']","[2607, '토코페릴아세테이트']",
3064,"[2, '1,2-헥산다이올']","[2220, '로얄젤리추출물']",,,
3065,,,,,
3066,,,,,
3067,,,,,
3068,,,,,
3069,,,,,
3070,"[2, '1,2-헥산다이올']","[3069, '로즈마리수']","[361, '부틸렌글라이콜']",,
3071,,,,,
3072,"[3071, '로즈마리잎수']","[789, '데하이드로아세틱애씨드']","[268, '벤질알코올']",,
3073,,,,,
3074,,,,,
3075,,,,,
3076,,,,,
3077,,,,,
3078,,,,,
3079,,,,,
3080,,,,,
3081,,,,,
3082,,,,,
3083,,,,,
3084,,,,,
3085,"[1510, '마데카소사이드']","[218, '아시아티코사이드']","[493, '병풀잎추출물']",,
3086,,,,,
3087,,,,,
3088,,,,,
3089,,,,,
3090,,,,,
3091,,,,,
3092,,,,,
3093,,,,,
3094,,,,,
3095,,,,,
3096,,,,,
3097,"[3096, '마트리카리아꽃수']","[2, '1,2-헥산다이올']",,,
3098,,,,,
3099,,,,,
3100,"[3099, '마트리카리아꽃추출물']","[1912, '페녹시에탄올']",,,
3101,"[3099, '마트리카리아꽃추출물']","[3586, '올리브나무잎추출물']","[2258, '무환자추출물']","[1206, '꿀추출물']","[3905, '코튼추출물']"
3102,,,,,
3103,,,,,
3104,,,,,
3105,"[1548, '만니톨']","[1618, '미결정셀룰로오스']","[732, '옥수수전분']","[5282, '황색산화철']","[2607, '토코페릴아세테이트']"
3106,,,,,
3107,,,,,
3108,"[3107, '말분']","[1105, '포도당']",,,
3109,,,,,
3110,,,,,
3111,,,,,
3112,,,,,
3113,,,,,
3114,"[1530, '맥아추출물']","[2143, '정제수']",,,
3115,,,,,
3116,,,,,
3117,,,,,
3118,,,,,
3119,,,,,
3120,"[2483, '메도우스위트꽃추출물']","[361, '부틸렌글라이콜']",,,
3121,,,,,
3122,,,,,
3123,,,,,
3124,,,,,
3125,,,,,
3126,,,,,
3127,,,,,
3128,,,,,
3129,,,,,
3130,,,,,
3131,,,,,
3132,"[5283, '모과추출물']","[5284, '감나무잎추출물']","[593, '육계나무껍질추출물']","[213, '쑥잎추출물']","[5285, '크리산텔룸 인디쿰추출물']"
3133,,,,,
3134,,,,,
3135,,,,,
3136,,,,,
3137,,,,,
3138,,,,,
3139,,,,,
3140,,,,,
3141,,,,,
3142,,,,,
3143,,,,,
3144,,,,,
3145,,,,,
3146,,,,,
3147,,,,,
3148,,,,,
3149,"[3148, '무환자나무껍질추출물']","[2, '1,2-헥산디올']",,,
3150,"[2258, '무환자추출물']","[1206, '꿀추출물']","[3905, '목화추출물']","[179, '캐모마일꽃추출물']","[3586, '올리브잎추출물']"
3151,,,,,
3152,,,,,
3153,,,,,
3154,,,,,
3155,,,,,
3156,,,,,
3157,"[1659, '미리스틸알코올']","[526, '세틸알코올']","[2507, '스테아릴알코올']","[5286, '아라키딜알코올']",
3158,,,,,
3159,,,,,
3160,,,,,
3161,,,,,
3162,,,,,
3163,,,,,
3164,,,,,
3165,,,,,
3166,,,,,
3167,,,,,
3168,,,,,
3169,,,,,
3170,,,,,
3171,,,,,
3172,"[2683, '바닐라열매추출물']","[108, '스위트아몬드열매추출물 혼합물']",,,
3173,,,,,
3174,,,,,
3175,,,,,
3176,,,,,
3177,,,,,
3178,,,,,
3179,,,,,
3180,,,,,
3181,"[296, '바이오사카라이드검-4']","[2, '1,2-헥산다이올']",,,
3182,,,,,
3183,,,,,
3184,,,,,
3185,,,,,
3186,,,,,
3187,,,,,
3188,,,,,
3189,"[2, '1,2-헥산다이올']","[247, '밤부사 불가리스수']",,,
3190,"[2, '1,2-헥산다이올']","[245, '밤부사 불가리스추출물']","[361, '부틸렌글라이콜']","[956, '에칠헥실글리세린']",
3191,,,,,
3192,,,,,
3193,,,,,
3194,,,,,
3195,,,,,
3196,,,,,
3197,"[2, '1,2-헥산다이올']","[5287, '백미꽃수']","[956, '에틸헥실글리세린']",,
3198,,,,,
3199,,,,,
3200,,,,,
3201,,,,,
3202,,,,,
3203,,,,,
3204,,,,,
3205,,,,,
3206,,,,,
3207,,,,,
3208,,,,,
3209,,,,,
3210,"[3209, '베르가못잎추출물']","[5288, '바실잎추출물']","[5289, '세이지잎추출물']",,
3211,,,,,
3212,,,,,
3213,"[285, '베타인']","[2098, '프로판디올']","[1912, '페녹시에탄올']","[2143, '정제수']",
3214,,,,,
3215,,,,,
3216,,,,,
3217,"[3216, '베헤닐알콜']","[5290, '세테스13']","[2507, '스테아릴알콜']",,
3218,"[255, '베헨트라이모늄메토설페이트']","[512, '세테아릴알코올']",,,
3219,"[254, '베헨트리모늄클로라이드']","[2102, '프로필렌글리콜']","[2143, '정제수']",,
3220,,,,,
3221,,,,,
3222,,,,,
3223,,,,,
3224,"[2, '1,2-헥산다이올']","[493, '병풀잎수']","[361, '부틸렌글리콜']",,
3225,"[2, '1,2-헥산다이올']","[493, '병풀잎수']",,,
3226,"[493, '병풀잎추출물']","[2102, '프로필렌글라이콜']",,,
3227,"[2, '1,2-헥산다이올']","[492, '병풀추출물']","[956, '에틸헥실글리세린']",,
3228,"[492, '병풀추출물']","[361, '부틸렌글라이콜']",,,
3229,"[492, '병풀추출물']","[361, '부틸렌글라이콜']","[2, '1,2-헥산디올']",,
3230,,,,,
3231,,,,,
3232,,,,,
3233,"[5291, '복령추출물']","[1086, '인삼추출물']","[1789, '작약추출물']","[642, '천궁추출물']","[3844, '측백나무잎추출물']"
3234,,,,,
3235,,,,,
3236,,,,,
3237,,,,,
3238,,,,,
3239,"[354, '부탄']","[2097, '프로탄']",,,
3240,"[2, '1,2-헥산다이올']","[361, '부틸렌글라이콜']","[447, '카프릴하이드록사믹애씨드']","[3230, '보스웰리아수지추출물']",
3241,"[361, '부틸렌글라이콜']","[2143, '정제수']","[2102, '프로필렌글라이콜']","[285, '베타인']","[39, '시카카이열매추출물']"
3242,"[361, '부틸렌글라이콜']","[2143, '정제수']","[492, '병풀추출물']","[5292, '호장근뿌리추출물']","[2281, '황금추출물']"
3243,"[361, '부틸렌글라이콜']","[436, '카프릴릴글라이콜']","[1277, '하이드록시아세토페논']","[1890, '펜틸렌글라이']",
3244,"[361, '부틸렌글리콜']","[1115, '글리세린']","[2466, '솔비톨']","[2143, '정제수']",
3245,,,,,
3246,,,,,
3247,,,,,
3248,,,,,
3249,,,,,
3250,,,,,
3251,,,,,
3252,,,,,
3253,,,,,
3254,,,,,
3255,,,,,
3256,,,,,
3257,,,,,
3258,,,,,
3259,,,,,
3260,,,,,
3261,,,,,
3262,,,,,
3263,,,,,
3264,,,,,
3265,,,,,
3266,,,,,
3267,,,,,
3268,,,,,
3269,,,,,
3270,,,,,
3271,,,,,
3272,,,,,
3273,,,,,
3274,,,,,
3275,,,,,
3276,,,,,
3277,,,,,
3278,,,,,
3279,,,,,
3280,,,,,
3281,,,,,
3282,,,,,
3283,,,,,
3284,,,,,
3285,,,,,
3286,,,,,
3287,,,,,
3288,,,,,
3289,,,,,
3290,,,,,
3291,,,,,
3292,,,,,
3293,,,,,
3294,,,,,
3295,,,,,
3296,,,,,
3297,,,,,
3298,,,,,
3299,,,,,
3300,,,,,
3301,,,,,
3302,,,,,
3303,"[5293, '뽕나무껍질']","[5294, '효모/골담초뿌리발효']","[2213, '로즈마리']","[2978, '돌콩']","[5295, '마트리카리아꽃/잎']"
3304,,,,,
3305,,,,,
3306,"[2, '1,2-헥산다이올']","[191, '사과추출물']","[610, '레몬추출물']","[1155, '자몽추출물']","[4275, '키위추출물']"
3307,,,,,
3308,,,,,
3309,,,,,
3310,,,,,
3311,,,,,
3312,,,,,
3313,,,,,
3314,,,,,
3315,,,,,
3316,,,,,
3317,,,,,
3318,,,,,
3319,,,,,
3320,,,,,
3321,,,,,
3322,,,,,
3323,,,,,
3324,,,,,
3325,,,,,
3326,,,,,
3327,,,,,
3328,,,,,
3329,,,,,
3330,,,,,
3331,,,,,
3332,,,,,
3333,,,,,
3334,,,,,
3335,,,,,
3336,,,,,
3337,,,,,
3338,"[5298, '서양배추출물']","[5299, '서양송악잎/줄기추출물']","[5300, '사과나무잎추출물']","[5301, '비치스트로베리추출물']",
3339,,,,,
3340,,,,,
3341,,,,,
3342,,,,,
3343,,,,,
3344,,,,,
3345,,,,,
3346,,,,,
3347,,,,,
3348,,,,,
3349,,,,,
3350,"[500, '세라마이드 3']","[1233, '하이드로제네이티드레시틴']","[1115, '글리세린']","[2102, '프로필렌글라이콜']","[935, '에탄올']"
3351,,,,,
3352,"[502, '세라마이드NP']","[1734, '옥틸도데칸올']",,,
3353,,,,,
3354,"[2213, '로즈마리추출물']","[1431, '라벤더추출물']","[964, '유칼립투스잎추출물']","[66, '창포뿌리추출물']",
3355,,,,,
3356,,,,,
3357,"[515, '세테아릴글루코사이드']","[512, '세테아릴알코올']",,,
3358,"[512, '세테아릴알코올']","[515, '세테아릴글루코사이드']","[1105, '글루코오스']",,
3359,"[512, '세테아릴알코올']","[515, '세테아릴글루코사이드']","[2143, '정제수']","[1105, '글루코오스']",
3360,,,,,
3361,,,,,
3362,"[3361, '세테아릴올리베이트']","[2463, '소르비탄올리베이트']",,,
3363,,,,,
3364,,,,,
3365,,,,,
3366,,,,,
3367,,,,,
3368,,,,,
3369,,,,,
3370,,,,,
3371,"[1425, '소듐라우릴 설페이트']","[1136, '글라이콜 디스테아레이트']","[5302, '코카마이드']","[1404, '라우레스-10']",
3372,,,,,
3373,,,,,
3374,,,,,
3375,,,,,
3376,"[5303, '소듐아스트로카리움무루무루에이트']","[861, '다이소듐이디티에이']",,,
3377,,,,,
3378,,,,,
3379,,,,,
3380,,,,,
3381,,,,,
3382,,,,,
3383,,,,,
3384,,,,,
3385,"[2423, '소듐피씨에이']","[2386, '소듐락테이트']","[204, '알지닌']","[4788, '아스파틱애씨드']","[1823, '피씨에이']"
3386,,,,,
3387,"[2, '1,2-헥산다이올']","[2378, '소듐하이알루로네이트']","[2143, '정제수']",,
3388,"[2378, '소듐하이알루로네이트']","[2143, '정제수']","[2, '1,2-헥산디올']","[3375, '소듐아세틸레이티드하이알루로네이트']","[1250, '하이드롤라이즈드하이알루로닉애씨드']"
3389,,,,,
3390,,,,,
3391,,,,,
3392,,,,,
3393,,,,,
3394,,,,,
3395,,,,,
3396,,,,,
3397,,,,,
3398,"[2463, '솔비탄올리베이트']","[3361, '세테아릴올리베이트']",,,
3399,,,,,
3400,,,,,
3401,,,,,
3402,,,,,
3403,,,,,
3404,,,,,
3405,,,,,
3406,,,,,
3407,,,,,
3408,,,,,
3409,"[5304, '스테아라미도프로필베타인']","[1288, '하이드록시프로필구아']",,,
3410,,,,,
3411,,,,,
3412,,,,,
3413,,,,,
3414,,,,,
3415,"[2, '1,2-헥산다이올']","[1146, '스페인감초뿌리추출물']","[361, '부틸렌글라이콜']",,
3416,,,,,
3417,,,,,
3418,"[2, '1,2-헥산다이올']","[2306, '시어버터추출물']","[838, '다이프로필렌글라이콜']",,
3419,"[2306, '시어버터']","[601, '시트릭애씨드']",,,
3420,"[39, '시카카이열매추출물']","[5305, '카무카무추출물']","[2992, '드럼스틱잎추출물']","[1214, '어성초추출물']",
3421,,,,,
3422,,,,,
3423,,,,,
3424,,,,,
3425,,,,,
3426,,,,,
3427,,,,,
3428,,,,,
3429,,,,,
3430,,,,,
3431,,,,,
3432,,,,,
3433,,,,,
3434,,,,,
3435,,,,,
3436,,,,,
3437,,,,,
3438,,,,,
3439,,,,,
3440,,,,,
3441,,,,,
3442,"[2322, '실버']","[46, '아세틱애씨드']","[5306, '파이틱애씨드']","[2342, '소듐바이카보네이트']","[2143, '정제수 혼합물']"
3443,"[2318, '실크아미노산']","[361, '부틸렌글라이콜']",,,
3444,,,,,
3445,,,,,
3446,,,,,
3447,,,,,
3448,"[3447, '쌀겨추출물']","[361, '부틸렌글라이콜']",,,
3449,,,,,
3450,,,,,
3451,"[212, '쑥']","[5242, '귤껍질']","[5307, '침향']","[5308, '목향']","[5309, '백년초']"
3452,,,,,
3453,,,,,
3454,,,,,
3455,,,,,
3456,"[5286, '아라키딜알코올']","[3216, '베헤닐알코올']","[5312, '아라키딜글루코사이드']","[2143, '정제수']","[1105, '글루코오스']"
3457,,,,,
3458,,,,,
3459,,,,,
3460,,,,,
3461,"[161, '아모다이메티콘']","[5313, 'C12-14Sec-파레스-7']",,,
3462,,,,,
3463,,,,,
3464,,,,,
3465,,,,,
3466,"[1902, '아보카도오일']","[5314, '하이드로제네이티드식물성오일']",,"[2306, '시어버터']","[2606, '토코페롤']"
3467,,,,,
3468,"[5315, '아사이야자열매추출물']","[2844, '검정콩추출물']","[535, '편백수']","[179, '캐모마일꽃추출물']","[119, '알로에베라잎추출물']"
3469,,,,,
3470,,,,,
3471,,,,,
3472,,,,,
3473,,,,,
3474,,,,,
3475,,,,,
3476,,,,,
3477,,,,,
3478,,,,,
3479,,,,,
3480,,,,,
3481,,,,,
3482,,,,,
3483,,,,,
3484,,,,,
3485,,,,,
3486,,,,,
3487,,,,,
3488,,,,,
3489,,,,,
3490,,,,,
3491,,,,,
3492,,,,,
3493,,,,,
3494,,,,,
3495,"[119, '알로에베라잎추출물']","[1534, '말토덱스트린']",,,
3496,"[119, '알로에베라잎추출물']","[361, '부틸렌글라이콜']",,,
3497,,,,,
3498,,,,,
3499,,,,,
3500,,,,,
3501,,,,,
3502,,,,,
3503,,,,,
3504,,,,,
3505,,,,,
3506,,,,,
3507,,,,,
3508,,,,,
3509,,,,,
3510,,,,,
3511,,,,,
3512,,,,,
3513,,,,,
3514,,,,,
3515,,,,,
3516,,,,,
3517,"[1214, '어성초추출물']","[492, '병풀추출물']","[405, '카렌둘라추출물']",,
3518,,,,,
3519,,,,,
3520,,,,,
3521,,,,,
3522,,,,,
3523,,,,,
3524,"[5316, '에델바이스꽃추출물']","[3201, '백합추출물']","[3638, '은방울꽃추출물']","[5317, '연꽃추출물']",
3525,,,,,
3526,,,,,
3527,,,,,
3528,,,,,
3529,,,,,
3530,,,,,
3531,,,,,
3532,"[5318, '에스에이치-올리고펩타이드-1']","[2, '1,2-헥산디올']","[4230, '폴리소르베이트20']","[4673, '레시틴']","[361, '부틸렌글라이']"
3533,,,,,
3534,,,,,
3535,,,,,
3536,,,,,
3537,,,,,
3538,,,,,
3539,,,,,
3540,,,,,
3541,,,,,
3542,,,,,
3543,,,,,
3544,"[2, '1,2-헥산다이올']","[5319, '연꽃꽃수']","[956, '에틸헥실글리세린']",,
3545,"[2, '1,2-헥산다이올']","[5319, '연꽃수']",,,
3546,,,,,
3547,,,,,
3548,,,,,
3549,,,,,
3550,,,,,
3551,,,,,
3552,"[2350, '염화나트륨']","[2289, '씨솔트']","[169, '안디로바씨오일']","[1433, '라벤더오일']","[2480, '스피아민트오일']"
3553,"[2350, '염화나트륨']","[2289, '씨솔트']","[169, '안디로바씨오일']","[538, '숯가루']","[3659, '일라이트']"
3554,"[2350, '염화나트륨']","[2289, '씨솔트']","[169, '안디로바씨오일']","[2206, '장미꽃오일']",
3555,,,,,
3556,,,,,
3557,,,,,
3558,,,,,
3559,,,,,
3560,,,,,
3561,"[622, '오렌지껍질오일']","[1157, '자몽껍질오일']","[1883, '센티드제라늄꽃오일']","[3633, '유향나무오일']","[1569, '티트리잎오일']"
3562,"[622, '오렌지껍질오일']","[1007, '향료']",,,
3563,,,,,
3564,,,,,
3565,,,,,
3566,,,,,
3567,,,,,
3568,"[5320, '오배자추출물']","[5321, '가자추출물']","[5322, '금채석곡추출물']","[3841, '초피나무열매추출물']","[361, '부틸렌글라이콜']"
3569,,,,,
3570,,,,,
3571,,,,,
3572,,,,,
3573,,,,,
3574,,,,,
3575,,,,,
3576,,,,,
3577,,,,,
3578,,,,,
3579,,,,,
3580,"[2, '1,2-헥산다이올']","[5323, '옥촉서예추출물']","[361, '부틸렌글리콜']","[2143, '정제수']",
3581,,,,,
3582,,,,,
3583,,,,,
3584,,,,,
3585,,,,,
3586,,,,,
3587,,,,,
3588,,,,,
3589,,,,,
3590,,,,,
3591,,,,,
3592,"[3591, '와일드제라늄오일']","[5324, '살비아잎오일']",,,
3593,,,,,
3594,,,,,
3595,,,,,
3596,,,,,
3597,,,,,
3598,,,,,
3599,,,,,
3600,,,,,
3601,,,,,
3602,,,,,
3603,,,,,
3604,"[2, '1,2-헥산다이올']","[990, '우유추출물']","[361, '부틸렌글라이콜']",,
3605,,,,,
3606,,,,,
3607,,,,,
3608,,,,,
3609,,,,,
3610,,,,,
3611,"[5325, '월계수잎추출물']","[3586, '올리브잎추출물']","[3936, '선백리향추출물']",,
3612,,,,,
3613,,,,,
3614,,,,,
3615,,,,,
3616,,,,,
3617,,,,,
3618,,,,,
3619,,,,,
3620,,,,,
3621,,,,,
3622,,,,,
3623,,,,,
3624,"[3623, '유자추출물']","[1083, '치자추출물']",,,
3625,,,,,
3626,,,,,
3627,,,,,
3628,,,,,
3629,"[965, '유칼립투스잎오일']","[1585, '페퍼민트오일']",,,
3630,"[964, '유칼립투스잎추출물']","[1912, '페녹시에탄올']","[361, '부틸렌글라이콜']",,
3631,"[964, '유칼립투스잎추출물']","[361, '부틸렌글라이콜']",,,
3632,,,,,
3633,,,,,
3634,,,,,
3635,,,,,
3636,,,,,
3637,,,,,
3638,,,,,
3639,,,,,
3640,,,,,
3641,,,,,
3642,,,,,
3643,,,,,
3644,,,,,
3645,,,,,
3646,"[454, '이산화탄소']","[2237, '사탕수수추출물']","[5326, '말토스']",,
3647,,,,,
3648,,,,,
3649,,,,,
3650,,,,,
3651,,,,,
3652,,,,,
3653,,,,,
3654,,,,,
3655,"[5327, '인디언구스베리열매']","[2669, '쐐기풀']","[2300, '사발팜열매추출물']",,
3656,,,,,
3657,,,,,
3658,,,,,
3659,,,,,
3660,,,,,
3661,,,,,
3662,,,,,
3663,,,,,
3664,,,,,
3665,,,,,
3666,,,,,
3667,,,,,
3668,,,,,
3669,,,,,
3670,,,,,
3671,,,,,
3672,,,,,
3673,,,,,
3674,,,,,
3675,,,,,
3676,,,,,
3677,,,,,
3678,,,,,
3679,"[2, '1,2-헥산다이올']","[2143, '정제수']","[956, '에틸헥실글리세린']","[3864, '카퍼트라이펩타이드-1']",
3680,"[2143, '정제수']","[1115, '글리세린']","[5328, '바이오사카라이드검-1']","[1288, '하이드록시프로필구아']","[4137, '하이드록시에틸셀룰로오스']"
3681,"[2, '1,2-헥산다이올']","[2143, '정제수']","[361, '부틸렌글라이콜']","[5329, '글라이코사미노글리칸']",
3682,"[2, '1,2-헥산다이올']","[2143, '정제수']","[361, '부틸렌글라이콜']","[5330, '마카뿌리추출물']","[5331, '천문동뿌리추출물']"
3683,"[2, '1,2-헥산다이올']","[2143, '정제수']","[361, '부틸렌글라이콜']","[2279, '효모발효물']","[3546, '연꽃잎추출물']"
3684,"[2143, '정제수']","[361, '부틸렌글라이콜']","[3343, '석류추출물']","[5334, '무화과추출물']","[5335, '뽕나무열매추출물']"
3685,"[2143, '정제수']","[361, '부틸렌글라이콜']","[5336, '캐롭열매추출물']",,
3686,"[2, '1,2-헥산다이올']","[2143, '정제수']","[361, '부틸렌글라이콜']","[4125, '하이드롤라이즈드실크']",
3687,"[2143, '정제수']","[361, '부틸렌글라이콜']","[4125, '하이드롤라이즈드실크']","[1912, '페녹시에탄올']",
3688,"[2143, '정제수']","[361, '부틸렌글라이콜']","[1246, '하이드롤라이즈드콜라겐']","[1912, '페녹시에탄올']",
3689,"[2143, '정제수']","[361, '부틸렌글라이콜']","[4215, '흰버드나무껍질추출물']","[5296, '오레가노잎추출물']","[533, '편백잎추출물']"
3690,"[2143, '정제수']","[361, '부틸렌글리콜']","[2, '1,2헥산다이올']","[5329, '글라이코사미노글리칸']",
3691,"[2, '1,2-헥산다이올']","[2143, '정제수']","[1214, '약모밀추출물']",,
3692,"[2143, '정제수']","[3841, '초피나무열매추출물']","[2135, '할미꽃추출물']","[2670, '우스니아추출물']",
3693,"[2143, '정제수']","[3645, '클로린다이옥사이드']",,,
3694,"[2143, '정제수']","[2621, '트라이데세스-12']","[522, '세트리모늄클로라이드']","[161, '아모다이메티콘']",
3695,"[2143, '정제수']","[2621, '트라이데세스-12']","[522, '세트리모늄클로라이드']","[161, '아모다이메티콘']","[3310, '사이클로테트라실록세인']"
3696,"[2143, '정제수']","[5277, '라우릴피리디늄클로라이드']","[1195, '헥실렌글라이콜']","[1461, '레불리닉애씨드']","[2342, '소듐바이카보네이트']"
3697,"[2, '1,2-헥산다이올']","[2143, '정제수']","[1246, '하이드롤라이즈드콜라겐']",,
3698,"[2, '1,2-헥산다이올']","[2143, '정제수']","[1115, '글리세린']","[2098, '프로판다이올']","[4214, '흰목이버섯추출물']"
3699,"[2143, '정제수']","[1431, '라벤더추출물']","[3209, '베르가못잎추출물']","[4006, '페퍼민트 잎 추출물']","[5276, '프리지어추출물']"
3700,"[2143, '정제수']","[1431, '라벤더추출물']","[3209, '베르가못잎추출물']","[4006, '페퍼민트잎추출물']","[5276, '프리지어추출물']"
3701,"[2, '1,2-헥산다이올']","[2143, '정제수']","[1431, '라벤더추출물']","[3209, '베르가못잎추출물']","[4006, '페퍼민트잎추출물']"
3702,"[2143, '정제수']","[5277, '라우릴피리디늄클로라이드']","[436, '카프릴릴글라이콜']","[1195, '헥실렌글라이콜']","[956, '에틸헥실글리세린']"
3703,"[2143, '정제수']","[5277, '라우릴피리디늄클로라이드']","[1195, '헥실렌글라이콜']","[1461, '레불리닉애씨드']","[2342, '소듐바이카보네이트']"
3704,"[2, '1,2-헥산다이올']","[2143, '정제수']","[2220, '로얄젤리추출물']","[361, '부틸렌글라이콜']","[436, '카프릴릴글라이콜']"
3705,"[2, '1,2-헥산다이올']","[2143, '정제수']","[5328, '바이오사카라이드검-4']",,
3706,"[2, '1,2-헥산다이올']","[2143, '정제수']","[493, '병풀잎추출물']","[361, '부틸렌글라이콜']","[436, '카프릴릴글라이콜']"
3707,"[2, '1,2-헥산다이올']","[2143, '정제수']","[361, '부틸렌글라이콜']","[1206, '꿀추출물']","[956, '에틸헥실글리세린']"
3708,"[2, '1,2-헥산다이올']","[2143, '정제수']","[361, '부틸렌글라이콜']","[492, '병풀추출물']","[218, '아시아티코사이드']"
3709,"[2143, '정제수']","[361, '부틸렌글라이콜']","[2673, '빌베리열매추출물']","[1083, '치자추출물']",
3710,"[2143, '정제수']","[361, '부틸렌글라이콜']","[1892, '페퍼민트추출물']","[3043, '라임추출물']","[610, '레몬추출물']"
3711,"[2, '1,2-헥산다이올']","[2143, '정제수']","[361, '부틸렌글라이콜']","[533, '편백잎추출물']","[3845, '측백나무추출물']"
3712,"[2143, '정제수']","[5339, '불가리스쑥추출물']","[361, '부틸렌글라이콜']",,
3713,"[2143, '정제수']","[2259, '비누풀잎추출물']","[1912, '페녹시에탄올']",,
3714,"[2143, '정제수']","[5340, '소듐폴리아크릴로일다이메틸타우레이트']","[1234, '하이드로제네이티드폴리데센']","[3954, '트라이데세스-10']",
3715,"[2, '1,2-헥산다이올']","[2143, '정제수']","[2378, '소듐하이알루로네이트']",,
3716,"[2143, '정제수']","[2378, '소듐하이알루로네이트']","[1250, '하이드롤라이즈드하이알루로닉애씨드']","[3375, '소듐아세틸레이티드하이알루로네이트']",
3717,"[2143, '정제수']","[73, '아크릴레이트코폴리머']",,,
3718,"[2, '1,2-헥산다이올']","[2143, '정제수']","[1214, '약모밀추출물']","[361, '부틸렌글라이콜']","[436, '카프릴릴글라이콜']"
3719,"[2, '1,2-헥산다이올']","[2143, '정제수']","[5341, '영지버섯추출물']","[2985, '동충하초추출물']","[361, '부틸렌글라이콜']"
3720,"[2143, '정제수']","[2778, '자일리틸글루코사이드']","[5342, '안하이드로자일리톨']","[2777, '자일리톨']","[1105, '글루코오스']"
3721,"[2143, '정제수']","[2523, '스타이렌/아크릴레이트코폴리머']","[653, '코코-글루코사이드']",,
3722,"[2, '1,2-헥산다이올']","[2143, '정제수']","[549, '클로렐라 불가리스추출물']","[361, '부틸렌글라이콜']","[1115, '글리세린']"
3723,"[2, '1,2-헥산다이올']","[2143, '정제수']","[4033, '포르피리듐 크루엔툼추출물']","[361, '부틸렌글라이콜']","[956, '에틸헥실글리세린']"
3724,"[2, '1,2-헥산다이올']","[2143, '정제수']","[4125, '하이드롤라이즈드실크']","[361, '부틸렌글라이콜']",
3725,"[2, '1,2-헥산다이올']","[2143, '정제수']","[1796, '홈삼추출물']","[361, '부틸렌글라이콜']","[956, '에틸헥실글리세린']"
3726,"[2143, '정제수']","[858, '다이소듐코코일글루타메이트']",,,
3727,"[2143, '정제수']","[787, '데실글루코사이드']","[653, '코코-글루코사이드']",,
3728,"[2, '1,2-헥산다이올']","[2143, '정제수']","[2978, '돌콩추출물']","[956, '에틸헥실글리세린']",
3729,"[2143, '정제수']","[1431, '라벤더']","[3209, '베르가못']","[1584, '페퍼민트']","[5276, '프리지어']"
3730,"[2, '1,2-헥산다이올']","[2143, '정제수']","[1431, '라벤더']","[3209, '베르가못잎']","[1584, '페퍼민트']"
3731,"[2, '1,2-헥산다이올']","[2143, '정제수']","[1431, '라벤더']","[3209, '베르가못잎']","[4006, '페퍼민트잎']"
3732,"[2, '1,2-헥산다이올']","[2143, '정제수']","[1431, '라벤더']","[3209, '베르가못잎']","[4006, '페퍼민트잎']"
3733,"[2, '1,2-헥산다이올']","[2143, '정제수']","[1431, '라벤더추출물']","[3209, '베르가못잎추출물']","[4006, '페퍼민트잎추출물']"
3734,"[2143, '정제수']","[1431, '라벤더추출물']","[3209, '베르가못잎추출물']","[4006, '페퍼민트잎추출물']","[5276, '프리지어추출물']"
3735,"[2143, '정제수']","[5277, '라우릴피리디늄클로라이드']","[436, '카프릴릴글라이콜']","[1195, '헥실렌글라이콜']","[956, '에틸헥실글리세린']"
3736,"[2143, '정제수']","[5277, '라우릴피리디늄클로라이드']","[1195, '헥실렌글라이콜']","[1461, '레불리닉애씨드']","[2342, '소듐바이카보네이트']"
3737,"[2143, '정제수']","[3040, '라우릴하이드록시설테인']",,,
3738,"[2143, '정제수']","[361, '부틸렌글라이콜']","[1115, '글리세린']","[5343, '탱자추출물']",
3739,"[2143, '정제수']","[361, '부틸렌글라이콜']","[3805, '지황뿌리추출물']","[4152, '한련초추출물']","[213, '쑥잎추출물']"
3740,"[2, '1,2-헥산다이올']","[2143, '정제수']","[3326, '살비아잎추출물']","[2980, '동백나무꽃추출물']","[3974, '티트리잎추출물']"
3741,"[2143, '정제수']","[5345, '석창포뿌리/줄기']","[1796, '인삼']","[5344, '서양측백나무잎']","[3304, '상백피']"
3742,"[2, '1,2-헥산다이올']","[2143, '정제수']","[3805, '지황뿌리추출물']","[361, '부틸렌글라이콜']","[5348, '콘민트추출물']"
3743,"[2, '1,2-헥산다이올']","[2143, '정제수']","[3805, '지황뿌리추출물']","[361, '부틸렌글라이콜']","[5348, '콘민트추출물']"
3744,"[2143, '정제수']","[1733, '귀리커넬추출물']","[361, '부틸렌글라이콜']","[2, '1,2-헥산다이올']","[436, '카프릴릴글라이콜']"
3745,"[2143, '정제수']","[5277, '라우릴피리디늄클로라이드']","[1195, '헥실렌글라이콜']","[1461, '레불리닉애씨드']","[2342, '소듐바이카보네이트']"
3746,"[2143, '정제수']","[361, '부틸렌글라이콜']",,,
3747,"[2143, '정제수']","[361, '부틸렌글라이콜']","[2, '1,2-헥산디올']","[956, '에틸헥실글리세린']","[290, '자작나무수액']"
3748,"[2143, '정제수']","[361, '부틸렌글라이콜']","[1733, '귀리가루추출물']",,
3749,"[2143, '정제수']","[361, '부틸렌글라이콜']","[4309, '녹차잎추출물']","[3447, '쌀겨추출']","[119, '알로에베라잎추출물']"
3750,"[2143, '정제수']","[361, '부틸렌글라이콜']","[1575, '인도멀구슬나무추출물']","[2, '1,2-헥산다이올']",
3751,"[2143, '정제수']","[361, '부틸렌글라이콜']","[66, '창포뿌리추출물']",,
3752,"[2143, '정제수']","[3326, '살비아잎추출물']","[2980, '동백나무꽃추출물']","[3974, '티트리잎추출물']","[361, '부틸렌글라이콜']"
3753,"[2143, '정제수']","[3841, '초피나무열매추출물']","[2135, '할미꽃추출물']","[2670, '우스니아추출물']",
3754,"[2143, '정제수']","[1195, '헥실렌글라이콜']","[1461, '레불리닉애씨드']","[2342, '소듐바이카보네이트']","[5277, '라우릴피리디늄클로라이드']"
3755,"[2143, '정제수']","[3024, '라벤더꽃/잎/줄기추출물']","[1115, '글리세린']","[5350, '향기제비꽃/잎추출물']","[2212, '로즈마리잎추출물']"
3756,,,,,
3757,,,,,
3758,,,,,
3759,,,,,
3760,,,,,
3761,,,,,
3762,,,,,
3763,,,,,
3764,,,,,
3765,,,,,
3766,,,,,
3767,,,,,
3768,,,,,
3769,,,,,
3770,,,,,
3771,,,,,
3772,,,,,
3773,,,,,
3774,,,,,
3775,,,,,
3776,,,,,
3777,,,,,
3778,,,,,
3779,,,,,
3780,,,,,
3781,,,,,
3782,,,,,
3783,,,,,
3784,,,,,
3785,,,,,
3786,,,,,
3787,,,,,
3788,,,,,
3789,,,,,
3790,,,,,
3791,,,,,
3792,,,,,
3793,,,,,
3794,,,,,
3795,,,,,
3796,,,,,
3797,,,,,
3798,,,,,
3799,,,,,
3800,,,,,
3801,"[2, '1,2-헥산다이올']","[3800, '지모뿌리추출물']","[361, '부틸렌글라이콜']",,
3802,,,,,
3803,"[4428, 'Polysorbate20']","[1477, 'Linolenic acid']","[1765, 'Oleic acid']","[1795, 'Palmitic acid']",
3804,,,,,
3805,,,,,
3806,"[3805, '지황뿌리추출물']","[5348, '콘민트추출물']","[5349, '산구절초추출물']","[1145, '스페인감초뿌리추출물']","[2867, '구기자추출물']"
3807,"[3805, '지황추출물']","[3319, '산수유추출물']","[3820, '참마뿌리추출물']","[5351, '택사추출물']","[1788, '모란뿌리추출물']"
3808,,,,,
3809,,,,,
3810,,,,,
3811,,,,,
3812,,,,,
3813,,,,,
3814,,,,,
3815,,,,,
3816,,,,,
3817,,,,,
3818,,,,,
3819,"[2962, '참당귀뿌리추출물']","[1488, '지치뿌리오일']","[4022, '포도씨오일']",,
3820,,,,,
3821,,,,,
3822,"[2, '1,2-헥산다이올']","[66, '창포뿌리추출물']","[361, '부틸렌글라이콜']",,
3823,"[5241, '천궁뿌리추출물']","[2962, '당귀추출물']","[4309, '녹차추출물']","[3396, '자소엽추출물']","[3608, '울금뿌리추출물']"
3824,"[642, '천궁추출물']","[2962, '당귀추출물']","[4309, '녹차추출물']","[3396, '자소엽추출물']","[3608, '울금뿌리추출물']"
3825,,,,,
3826,,,,,
3827,,,,,
3828,,,,,
3829,,,,,
3830,,,,,
3831,,,,,
3832,,,,,
3833,,,,,
3834,,,,,
3835,,,,,
3836,,,,,
3837,,,,,
3838,,,,,
3839,,,,,
3840,,,,,
3841,,,,,
3842,"[3841, '초피나무열매추출물']","[2135, '할미꽃추출물']","[2670, '우스니아추출물']",,
3843,,,,,
3844,,,,,
3845,,,,,
3846,,,,,
3847,,,,,
3848,,,,,
3849,,,,,
3850,,,,,
3851,,,,,
3852,,,,,
3853,,,,,
3854,,,,,
3855,"[4360, '카렌듈라꽃']","[4547, '호호바씨 오일']",,,
3856,,,,,
3857,,,,,
3858,,,,,
3859,,,,,
3860,,,,,
3861,,,,,
3862,,,,,
3863,,,,,
3864,,,,,
3865,,,,,
3866,,,,,
3867,"[436, '카프릴릴글라이콜']","[956, '에틸헥실글리세린']","[5352, '트로폴론']",,
3868,"[436, '카프릴릴글라이콜']","[1195, '헥실렌글라이콜']","[5277, '라우릴피리디늄클로라이드']","[2143, '정제수']","[956, '에틸헥실글리세린']"
3869,"[436, '카프릴릴글라이콜']","[1119, '글리세릴카프릴레이트']",,,
3870,,,,,
3871,,,,,
3872,,,,,
3873,,,,,
3874,,,,,
3875,,,,,
3876,,,,,
3877,,,,,
3878,"[5295, '캐모마일꽃/잎']","[2217, '로즈마리']","[1431, '라벤더추출물']",,
3879,"[179, '캐모마일꽃추출물']","[329, '보리지추출물']","[1339, '커먼자스민추출물']","[1431, '라벤더추출물']","[3184, '콘민트잎추출물']"
3880,"[179, '캐모마일꽃추출물']","[329, '보리지추출물']","[1339, '커먼자스민추출물']","[1431, '라벤더추출물']","[3184, '콘민트잎추출물']"
3881,"[179, '캐모마일꽃추출물']","[361, '부틸렌글라이콜']",,,
3882,,,,,
3883,,,,,
3884,,,,,
3885,,,,,
3886,"[1361, '케라틴아미노산']","[1252, '하이드롤라이즈드케라틴']",,,
3887,,,,,
3888,"[5353, '코엔자임Q10']","[2607, '토코페릴아세테이트']","[1233, '하이드로제네이티드레시틴']","[1115, '글리세린']","[2102, '프로필렌글라이콜']"
3889,,,,,
3890,,,,,
3891,"[3890, '코카마이드메칠엠이에이']","[1115, '글리세린']",,,
3892,"[635, '코카미드엠이에이']","[1115, '글리세린']",,,
3893,"[653, '코코-글루코사이드']","[5354, '다이소듐코코-글루코사이드시트레이트']","[2143, '정제수']",,
3894,,,,,
3895,,,,,
3896,"[3895, '코코넛야자수']","[2, '1,2-헥산다이올']",,,
3897,,,,,
3898,"[680, '코코넛오일']","[1755, '올리브오일']","[2129, '아몬드오일']","[1902, '아보카도오일']","[468, '피마자오일']"
3899,,,,,
3900,,,,,
3901,,,,,
3902,,,,,
3903,"[835, '코코암포카르복시글리시네이트']","[1425, '라우릴황산나트륨']",,,
3904,"[835, '코코암포카복시글리시네이트']","[1425, '라우릴황산나트륨']","[1195, '헥실렌글리콜']","[2350, '염화나트륨']",
3905,,,,,
3906,"[3184, '콘민트잎추출물']","[1585, '페퍼민트오일']","[180, '캐모마일꽃오일']",,
3907,,,,,
3908,,,,,
3909,,,,,
3910,,,,,
3911,,,,,
3912,,,,,
3913,,,,,
3914,,,,,
3915,,,,,
3916,"[2166, '쿼터늄-91']","[5355, '세트리모늄메토설페이트']","[512, '세테아릴알코올']",,
3917,,,,,
3918,,,,,
3919,,,,,
3920,,,,,
3921,,,,,
3922,,,,,
3923,,,,,
3924,,,,,
3925,,,,,
3926,,,,,
3927,,,,,
3928,,,,,
3929,,,,,
3930,,,,,
3931,,,,,
3932,"[5356, '타임꽃/잎오일']","[422, '녹차에센셜오일']","[273, '베르가모트오일']","[3923, '클레이오일']","[1434, '라반딘오일']"
3933,"[5356, '타임꽃/잎오일']","[273, '베르가모트오일']","[3923, '클레리오일']","[1434, '라반딘오일']",
3934,,,,,
3935,,,,,
3936,,,,,
3937,,,,,
3938,,,,,
3939,,,,,
3940,"[2, '1,2-헥산다이올']","[3939, '탄산수']",,,
3941,,,,,
3942,,,,,
3943,,,,,
3944,,,,,
3945,,,,,
3946,,,,,
3947,,,,,
3948,,,,,
3949,"[2587, '테트라소듐글루타메이트다이아세테이트']","[3812, '징크리시놀리에이트']","[2143, '정제수']","[2098, '프로판다이올']",
3950,,,,,
3951,,,,,
3952,,,,,
3953,"[2607, '토코페릴아세테이트']","[1534, '말토덱스트린']","[5357, '변성전분']","[2315, '이산화규소']",
3954,,,,,
3955,,,,,
3956,,,,,
3957,,,,,
3958,,,,,
3959,,,,,
3960,,,,,
3961,,,,,
3962,,,,,
3963,"[2, '1,2-헥산다이올']","[3962, '트리리프솝베리열매추출물']","[956, '에틸헥실글리세린']",,
3964,,,,,
3965,,,,,
3966,,,,,
3967,,,,,
3968,,,,,
3969,,,,,
3970,,,,,
3971,,,,,
3972,,,,,
3973,"[2573, '티이에이-코코일글루타메이트']","[2143, '정제수']",,,
3974,,,,,
3975,,,,,
3976,,,,,
3977,"[3976, '티트리추출물']","[2828, '감국추출물']","[768, '레몬그라스추출물']","[4006, '페퍼민트잎추출물']","[1432, '라벤더꽃추출물']"
3978,,,,,
3979,,,,,
3980,,,,,
3981,,,,,
3982,,,,,
3983,,,,,
3984,,,,,
3985,,,,,
3986,,,,,
3987,,,,,
3988,,,,,
3989,"[1798, '판테놀']","[2143, '정제수']","[601, '시트릭애씨드']",,
3990,,,,,
3991,,,,,
3992,"[1795, '팔미틱애씨드']","[2504, '스테아릭애씨드']",,,
3993,"[1795, '팔미틴산']","[2504, '스테아르산']","[1658, '미리스트산']",,
3994,,,,,
3995,,,,,
3996,,,,,
3997,,,,,
3998,,,,,
3999,,,,,
4000,,,,,
4001,,,,,
4002,,,,,
4003,,,,,
4004,,,,,
4005,,,,,
4006,,,,,
4007,,,,,
4008,,,,,
4009,,,,,
4010,,,,,
4011,,,,,
4012,,,,,
4013,,,,,
4014,,,,,
4015,,,,,
4016,,,,,
4017,,,,,
4018,"[2, '1,2-헥산다이올']","[535, '편백수']","[361, '부틸렌글리콜']","[436, '카프릴릴글라이콜']","[1890, '펜틸렌글라이콜']"
4019,"[2, '1,2-헥산다이올']","[535, '편백수']",,,
4020,,,,,
4021,,,,,
4022,,,,,
4023,"[4022, '포도씨오일']","[2962, '참당귀뿌리추출물']","[1488, '지치뿌리오일']",,
4024,,,,,
4025,,,,,
4026,,,,,
4027,,,,,
4028,"[2064, '포타슘코코일글리시네이트']","[2143, '정제수']",,,
4029,"[2064, '포타슘코코일글리시네이트']","[2062, '포타슘코코에이트']","[2143, '정제수']",,
4030,,,,,
4031,,,,,
4032,"[4409, '포트마리골드꽃오일']","[1184, '해바라기씨오일']",,,
4033,,,,,
4034,,,,,
4035,,,,,
4036,,,,,
4037,,,,,
4038,,,,,
4039,,,,,
4040,,,,,
4041,,,,,
4042,"[4041, '폴리글리세릴-6카프릴레이트']","[1993, '폴리글리세릴-4카프레이트']",,,
4043,"[4041, '폴리글리세릴-6카프릴레이트']","[4037, '폴리글리세릴-3코코에이트']","[1993, '폴리글리세릴-4카프에이트']","[4040, '폴리글리세릴-6리시놀리에이트']",
4044,,,,,
4045,,,,,
4046,,,,,
4047,"[4727, '폴리아크릴아마이드']","[383, 'C13-14아이소파라핀']","[1411, '라우레스-7']","[2143, '정제수']",
4048,,,,,
4049,,,,,
4050,,,,,
4051,,,,,
4052,,,,,
4053,,,,,
4054,,,,,
4055,,,,,
4056,"[5358, '폴리옥시메틸렌멜라민']","[5359, '자일릴페닐에탄']","[5360, '스타이렌']","[5361, '펜타에리스리틸테트라-다이-t-부틸하이드록시하이드로신나메이트']","[2308, '실리카']"
4057,"[5358, '폴리옥시메틸렌멜라민']","[5359, '자일릴페닐에탄']","[5360, '스타이렌']","[5361, '펜타에리스리틸테트라-다이-t-부틸하이드록시하이드로신나메이트']","[2308, '실리카']"
4058,"[5358, '폴리옥시메틸렌멜라민']","[5359, '자일릴페닐에탄']","[5360, '스타이렌']","[5361, '펜타에리스리틸테트라-다이-t-부틸하이드록시하이드로신나메이트']","[2308, '실리카']"
4059,"[5358, '폴리옥시메틸렌멜라민']","[5359, '자일릴페닐에탄']","[5360, '스타이렌']","[5361, '펜타에리스리틸테트라-다이-t-부틸하이드록시하이드로신나메이트']","[2308, '실리카']"
4060,,,,,
4061,,,,,
4062,,,,,
4063,,,,,
4064,,,,,
4065,,,,,
4066,,,,,
4067,,,,,
4068,,,,,
4069,"[2039, '폴리쿼터늄-67']","[2350, '소듐클로라이드']","[3470, '소듐아세테이트']","[2143, '정제수']",
4070,"[2039, '폴리쿼터늄-67']","[2143, '정제수']","[3470, '소듐아세테이트']","[2350, '소듐클로라이드']","[4330, '아이소프로필알코올']"
4071,"[2033, '폴리쿼터늄-7']","[5362, '아크릴아미도프로필트리모늄클로라이드/아크릴아마이드코폴리머']",,,
4072,,,,,
4073,,,,,
4074,,,,,
4075,,,,,
4076,,,,,
4077,,,,,
4078,,,,,
4079,,,,,
4080,"[2098, '프로판다이올']","[2143, '정제수']","[5363, '아프리카스파이더플라워잎추출물']",,
4081,"[2098, '프로판디올']","[2143, '정제수']","[1259, '하이드롤라이즈드완두콩단백질']","[5364, '피토스테롤']","[1446, '레시틴']"
4082,"[2098, '프로판디올']","[2143, '정제수']","[1259, '하이드롤라이즈드완두콩단백질']","[5364, '피토스테롤']","[1446, '레시틴']"
4083,"[2, '1,2-헥산다이올']","[2105, '프로폴리스추출물']",,,
4084,,,,,
4085,,,,,
4086,,,,,
4087,,,,,
4088,,,,,
4089,,,,,
4090,,,,,
4091,,,,,
4092,,,,,
4093,,,,,
4094,,,,,
4095,,,,,
4096,,,,,
4097,,,,,
4098,,,,,
4099,"[5275, '피이지-10']","[813, '디메치콘']",,,
4100,,,,,
4101,"[1852, '피이지-150펜타에리스리틸테트라스테아레이트']","[5365, '피피지-2하이드록시에칠코카마이드']",,,
4102,,,,,
4103,"[5366, '피이지-2다이메도우폼아미도에칠모늄메토설페이트']","[1195, '헥실렌글라이콜']",,,
4104,,,,,
4105,"[1860, '피이지-40 하이드로제네이티드캐스터오일']","[5367, '트리데세스-9']","[2143, '정제수']",,
4106,,,,,
4107,,,,,
4108,,,,,
4109,,,,,
4110,"[1870, '피이지-60하이드로제네이티드캐스터오일']","[3954, '트라이데세스-10']","[2143, '정제수']",,
4111,,,,,
4112,,,,,
4113,,,,,
4114,,,,,
4115,"[2, '1,2-헥산다이올']","[1929, '피토스핑고신']","[1446, '레시틴']","[1369, '락틱애씨드']","[361, '부틸렌글리콜']"
4116,,,,,
4117,,,,,
4118,,,,,
4119,,,,,
4120,,,,,
4121,,,,,
4122,,,,,
4123,,,,,
4124,,,,,
4125,,,,,
4126,,,,,
4127,,,,,
4128,,,,,
4129,,,,,
4130,,,,,
4131,"[5368, '하이드로제네이티드캐스터오일 다이머디리놀레이트']","[4461, '폴리글리세릴-10 라우레이트']",,,
4132,,,,,
4133,,,,,
4134,,,,,
4135,"[1277, '하이드록시아세토페논']","[436, '카프릴릴글라이콜']","[838, '디프로필렌글라이콜']","[837, '디포타슘글리시리제이트']",
4136,,,,,
4137,,,,,
4138,"[5369, '하이드록시에틸아크릴레이트/소듐아크릴로일다이메틸타우레이트코폴리머']",,"[5370, '솔비탄아이소스테아레이트']","[2046, '폴리솔베이트60']","[2143, '정제수']"
4139,,,,,
4140,,,,,
4141,,,,,
4142,,,,,
4143,,,,,
4144,,,,,
4145,,,,,
4146,"[1248, '하이드롤라이즈드엘라스틴']","[361, '부틸렌글라이콜']","[2, '1,2-헥산디올']","[2143, '정제수']",
4147,"[2, '1,2-헥산다이올']","[1255, '하이드롤라이즈드우유단백질']","[956, '에틸헥실글리세린']",,
4148,"[1252, '하이드롤라이즈드케라틴']","[2, '1,2-헥산다이올']",,,
4149,"[2, '1,2-헥산다이올']","[1246, '하이드롤라이즈드콜라겐']","[2143, '정제수']","[361, '부틸렌글라이콜']",
4150,,,,,
4151,,,,,
4152,,,,,
4153,,,,,
4154,,,,,
4155,,,,,
4156,,,,,
4157,,,,,
4158,,,,,
4159,,,,,
4160,,,,,
4161,,,,,
4162,,,,,
4163,,,,,
4164,,,,,
4165,,,,,
4166,,,,,
4167,,,,,
4168,"[5371, '헥사펩타이드-33']","[435, '카프릴로일헵타펩타이드-33']","[2, '1,2-헥산디올']","[2143, '정제수']",
4169,,,,,
4170,,,,,
4171,,,,,
4172,,,,,
4173,,,,,
4174,,,,,
4175,,,,,
4176,,,,,
4177,,,,,
4178,"[1347, '호호바유']","[1233, '하이드로제네이티드레시틴']","[1115, '글리세린']","[5372, '슈크로오스팔미테이트']",
4179,,,,,
4180,,,,,
4181,,,,,
4182,"[2, '1,2-헥산다이올']","[5373, '홀리바질잎추출물']","[2143, '정제수']","[361, '부틸렌글라이콜']",
4183,"[1796, '홍삼추출물']","[1145, '스페인감초뿌리추출물']","[492, '병풀추출물']","[5291, '복령추출물']","[5374, '황기뿌리추출물']"
4184,,,,,
4185,,,,,
4186,,,,,
4187,,,,,
4188,"[4215, '화이트윌로우껍질추출물']","[5296, '오레가노잎추출물']","[533, '편백나무잎추출물']","[5337, '락토바실러스/콩발효추출물']","[593, '육계추출물']"
4189,,,,,
4190,"[2281, '황금']","[2860, '고삼엑스']","[1214, '어성초']","[5375, '현삼']","[1145, '감초엑스']"
4191,"[2281, '황금추출물']","[1372, '락토바실러스발효물']","[1145, '감초뿌리추출물']","[5384, '밀리타리스동충하초균사체추출']","[1115, '글리세린']"
4192,"[2281, '황금추출물']","[5385, '모소밤부추출물']",,,
4193,"[2281, '황금추출물']","[1788, '모란뿌리추출물']","[2942, '다마스크장미꽃추출물']","[2, '1,2-헥산다이올']",
4194,"[2281, '황금추출물']","[1788, '모란뿌리추출물']","[361, '부틸렌글라이콜']","[1115, '글리세린']","[2143, '정제수']"
4195,"[2, '1,2-헥산다이올']","[1909, '황벽나무껍질추출물']","[361, '부틸렌글라이콜']","[2143, '정제수']",
4196,"[2808, '황산아연']","[2804, '산화아연']",,,
4197,,,,,
4198,,,,,
4199,,,,,
4200,,,,,
4201,,,,,
4202,,,,,
4203,,,,,
4204,,,,,
4205,"[2, '1,2-헥산다이올']","[5386, '효모발효추출물']",,,
4206,,,,,
4207,,,,,
4208,,,,,
4209,,,,,
4210,,,,,
4211,,,,,
4212,,,,,
4213,,,,,
4214,,,,,
4215,,,,,
4216,,,,,
4217,"[4125, '히드로라이즈드실크']","[361, '부틸렌글라이콜']","[1912, '페녹시에탄올']","[2143, '정제수']",
4218,,,,,
4219,,,,,
4220,,,,,
4221,,,,,
4222,,,,,
4223,,,,,
4224,,,,,
4225,,,,,
4226,,,,,
4227,,,,,
4228,,,,,
4229,,,,,
4230,,,,,
4231,,,,,
4232,,,,,
4233,,,,,
4234,,,,,
4235,,,,,
4236,,,,,
4237,,,,,
4238,,,,,
4239,,,,,
4240,,,,,
4241,,,,,
4242,,,,,
4243,,,,,
4244,,,,,
4245,,,,,
4246,,,,,
4247,,,,,
4248,,,,,
4249,,,,,
4250,,,,,
4251,,,,,
4252,"[4244, 'Methyl chloro isothiazolinone']","[4391, 'Methyl isothiazolinone']",,,
4253,,,,,
4254,,,,,
4255,,,,,
4256,,,,,
4257,,,,,
4258,,,,,
4259,,,,,
4260,,,,,
4261,,,,,
4262,,,,,
4263,,,,,
4264,,,,,
4265,,,,,
4266,,,,,
4267,,,,,
4268,,,,,
4269,,,,,
4270,,,,,
4271,,,,,
4272,,,,,
4273,,,,,
4274,,,,,
4275,,,,,
4276,,,,,
4277,,,,,
4278,,,,,
4279,,,,,
4280,,,,,
4281,,,,,
4282,,,,,
4283,,,,,
4284,,,,,
4285,,,,,
4286,,,,,
4287,,,,,
4288,,,,,
4289,,,,,
4290,,,,,
4291,,,,,
4292,,,,,
4293,,,,,
4294,,,,,
4295,,,,,
4296,,,,,
4297,,,,,
4298,,,,,
4299,,,,,
4300,,,,,
4301,,,,,
4302,,,,,
4303,,,,,
4304,,,,,
4305,,,,,
4306,,,,,
4307,,,,,
4308,"[4244, 'Methyl chloro isothiazolinone']","[4391, 'Methyl isothiazolinone']",,,
4309,,,,,
4310,,,,,
4311,"[4244, 'Methyl chloro isothiazolinone']","[4391, 'Methyl isothiazolinone']",,,
4312,,,,,
4313,,,,,
4314,,,,,
4315,,,,,
4316,,,,,
4317,,,,,
4318,,,,,
4319,,,,,
4320,,,,,
4321,,,,,
4322,,,,,
4323,,,,,
4324,,,,,
4325,,,,,
4326,,,,,
4327,,,,,
4328,,,,,
4329,,,,,
4330,,,,,
4331,,,,,
4332,,,,,
4333,,,,,
4334,,,,,
4335,,,,,
4336,,,,,
4337,,,,,
4338,,,,,
4339,,,,,
4340,,,,,
4341,,,,,
4342,,,,,
4343,,,,,
4344,,,,,
4345,,,,,
4346,,,,,
4347,,,,,
4348,,,,,
4349,,,,,
4350,,,,,
4351,,,,,
4352,,,,,
4353,,,,,
4354,"[5232, 'Octyldodeceth-25']","[5233, 'Decyltetradeceth-25 Mixture']",,,
4355,,,,,
4356,,,,,
4357,,,,,
4358,,,,,
4359,,,,,
4360,,,,,
4361,,,,,
4362,,,,,
4363,,,,,
4364,,,,,
4365,,,,,
4366,,,,,
4367,,,,,
4368,,,,,
4369,,,,,
4370,"[1270, 'Hydrolyzed Wheat Protein']","[5229, 'Polyquaternium-58 Mixture']",,,
4371,,,,,
4372,"[949, '에틸렌글리세린']","[1119, '글리세릴카프릴레이트']","[2281, '황금뿌리추출물']","[1115, '글리세린']","[361, '부틸렌글라이콜']"
4373,,,,,
4374,,,,,
4375,,,,,
4376,,,,,
4377,,,,,
4378,,,,,
4379,,,,,
4380,,,,,
4381,,,,,
4382,,,,,
4383,,,,,
4384,,,,,
4385,,,,,
4386,,,,,
4387,,,,,
4388,,,,,
4389,,,,,
4390,,,,,
4391,,,,,
4392,,,,,
4393,,,,,
4394,,,,,
4395,,,,,
4396,,,,,
4397,,,,,
4398,,,,,
4399,,,,,
4400,,,,,
4401,,,,,
4402,,,,,
4403,,,,,
4404,,,,,
4405,,,,,
4406,,,,,
4407,,,,,
4408,,,,,
4409,,,,,
4410,,,,,
4411,,,,,
4412,"[4244, 'Methyl chloro isothiazolinone']","[4391, 'Methyl isothiazolinone']",,,
4413,"[1862, 'PEG-45 PALM GLYCERIDES']","[4111, 'PEG-6 CAPRYLIC/CAPRIC GLYCERIDES']",,,
4414,,,,,
4415,"[4244, 'Methyl chloro isothiazolinone']","[4391, 'Methyl isothiazolinone']",,,
4416,,,,,
4417,,,,,
4418,,,,,
4419,,,,,
4420,,,,,
4421,,,,,
4422,,,,,
4423,,,,,
4424,,,,,
4425,,,,,
4426,,,,,
4427,,,,,
4428,,,,,
4429,,,,,
4430,,,,,
4431,,,,,
4432,,,,,
4433,,,,,
4434,,,,,
4435,,,,,
4436,,,,,
4437,,,,,
4438,"[3060, 'Melissa Officinalis Leaf Extract']","[492, 'Centella Asiatica Extract']","[1206, 'Honey Extract']","[1130, 'Glycine Max']",
4439,,,,,
4440,,,,,
4441,,,,,
4442,,,,,
4443,,,,,
4444,,,,,
4445,,,,,
4446,,,,,
4447,,,,,
4448,,,,,
4449,,,,,
4450,,,,,
4451,,,,,
4452,,,,,
4453,,,,,
4454,,,,,
4455,,,,,
4456,,,,,
4457,,,,,
4458,,,,,
4459,,,,,
4460,,,,,
4461,,,,,
4462,,,,,
4463,,,,,
4464,,,,,
4465,,,,,
4466,,,,,
4467,,,,,
4468,,,,,
4469,,,,,
4470,,,,,
4471,,,,,
4472,,,,,
4473,,,,,
4474,,,,,
4475,,,,,
4476,,,,,
4477,,,,,
4478,"[4244, 'Methyl chloro isothiazolinone']","[4391, 'Methyl isothiazolinone']",,,
4479,,,,,
4480,,,,,
4481,,,,,
4482,,,,,
4483,,,,,
4484,,,,,
4485,,,,,
4486,,,,,
4487,,,,,
4488,,,,,
4489,,,,,
4490,,,,,
4491,,,,,
4492,,,,,
4493,,,,,
4494,,,,,
4495,,,,,
4496,,,,,
4497,,,,,
4498,,,,,
4499,,,,,
4500,,,,,
4501,,,,,
4502,,,,,
4503,,,,,
4504,,,,,
4505,,,,,
4506,,,,,
4507,,,,,
4508,,,,,
4509,,,,,
4510,,,,,
4511,,,,,
4512,,,,,
4513,,,,,
4514,,,,,
4515,,,,,
4516,,,,,
4517,,,,,
4518,,,,,
4519,,,,,
4520,,,,,
4521,,,,,
4522,,,,,
4523,,,,,
4524,,,,,
4525,,,,,
4526,,,,,
4527,,,,,
4528,,,,,
4529,,,,,
4530,,,,,
4531,,,,,
4532,,,,,
4533,,,,,
4534,,,,,
4535,,,,,
4536,,,,,
4537,,,,,
4538,,,,,
4539,,,,,
4540,,,,,
4541,,,,,
4542,,,,,
4543,,,,,
4544,,,,,
4545,,,,,
4546,,,,,
4547,,,,,
4548,,,,,
4549,,,,,
4550,,,,,
4551,,,,,
4552,,,,,
4553,,,,,
4554,,,,,
4555,,,,,
4556,,,,,
4557,,,,,
4558,,,,,
4559,,,,,
4560,,,,,
4561,,,,,
4562,,,,,
4563,"[4244, 'Methyl chloro isothiazolinone']","[4391, 'Methyl isothiazolinone']",,,
4564,,,,,
4565,,,,,
4566,,,,,
4567,,,,,
4568,,,,,
4569,,,,,
4570,,,,,
4571,,,,,
4572,,,,,
4573,,,,,
4574,,,,,
4575,,,,,
4576,,,,,
4577,,,,,
4578,,,,,
4579,,,,,
4580,,,,,
4581,,,,,
4582,,,,,
4583,,,,,
4584,,,,,
4585,,,,,
4586,,,,,
4587,,,,,
4588,"[4, 'PROPYLENE GLYCOL']","[797, 'DIAZOLIDINYL UREA']","[1598, 'METHYL PARABEN']","[2113, 'PROPYL PARABEN']",
4589,,,,,
4590,,,,,
4591,,,,,
4592,,,,,
4593,,,,,
4594,,,,,
4595,,,,,
4596,,,,,
4597,,,,,
4598,,,,,
4599,,,,,
4600,,,,,
4601,,,,,
4602,,,,,
4603,,,,,
4604,,,,,
4605,,,,,
4606,,,,,
4607,,,,,
4608,,,,,
4609,,,,,
4610,,,,,
4611,,,,,
4612,,,,,
4613,,,,,
4614,,,,,
4615,,,,,
4616,"[4244, 'Methyl chloro isothiazolinone']","[4391, 'Methyl isothiazolinone']",,,
4617,,,,,
4618,,,,,
4619,,,,,
4620,,,,,
4621,,,,,
4622,,,,,
4623,,,,,
4624,,,,,
4625,,,,,
4626,,,,,
4627,,,,,
4628,,,,,
4629,,,,,
4630,,,,,
4631,,,,,
4632,,,,,
4633,,,,,
4634,,,,,
4635,,,,,
4636,,,,,
4637,,,,,
4638,,,,,
4639,,,,,
4640,,,,,
4641,,,,,
4642,,,,,
4643,,,,,
4644,,,,,
4645,,,,,
4646,,,,,
4647,,,,,
4648,,,,,
4649,,,,,
4650,,,,,
4651,,,,,
4652,,,,,
4653,,,,,
4654,,,,,
4655,,,,,
4656,,,,,
4657,,,,,
4658,,,,,
4659,,,,,
4660,,,,,
4661,,,,,
4662,,,,,
4663,,,,,
4664,,,,,
4665,,,,,
4666,,,,,
4667,,,,,
4668,,,,,
4669,,,,,
4670,,,,,
4671,,,,,
4672,,,,,
4673,,,,,
4674,,,,,
4675,,,,,
4676,,,,,
4677,,,,,
4678,,,,,
4679,,,,,
4680,,,,,
4681,,,,,
4682,,,,,
4683,,,,,
4684,,,,,
4685,,,,,
4686,,,,,
4687,,,,,
4688,,,,,
4689,,,,,
4690,,,,,
4691,,,,,
4692,,,,,
4693,,,,,
4694,,,,,
4695,,,,,
4696,,,,,
4697,,,,,
4698,,,,,
4699,,,,,
4700,,,,,
4701,,,,,
4702,,,,,
4703,,,,,
4704,,,,,
4705,,,,,
4706,,,,,
4707,,,,,
4708,,,,,
4709,,,,,
4710,,,,,
4711,,,,,
4712,,,,,
4713,,,,,
4714,,,,,
4715,,,,,
4716,,,,,
4717,,,,,
4718,,,,,
4719,,,,,
4720,,,,,
4721,,,,,
4722,,,,,
4723,,,,,
4724,,,,,
4725,,,,,
4726,,,,,
4727,,,,,
4728,,,,,
4729,,,,,
4730,"[4244, 'Methyl chloro isothiazolinone']","[4391, 'Methyl isothiazolinone']",,,
4731,,,,,
4732,"[4244, 'Methyl chloro isothiazolinone']","[4391, 'Methyl isothiazolinone']",,,
4733,,,,,
4734,,,,,
4735,,,,,
4736,,,,,
4737,,,,,
4738,,,,,
4739,,,,,
4740,,,,,
4741,,,,,
4742,,,,,
4743,,,,,
4744,,,,,
4745,,,,,
4746,,,,,
4747,,,,,
4748,,,,,
4749,,,,,
4750,,,,,
4751,,,,,
4752,,,,,
4753,,,,,
4754,"[1796, 'Red Ginsen Extract']","[2258, 'Sapindus Mukurossi Fruit extract']",,,
4755,,,,,
4756,,,,,
4757,,,,,
4758,,,,,
4759,"[4244, 'Methyl chloro isothiazolinone']","[4391, 'Methyl isothiazolinone']",,,
4760,,,,,
4761,,,,,
4762,,,,,
4763,,,,,
4764,,,,,
4765,,,,,
4766,,,,,
4767,,,,,
4768,"[4244, 'Methyl chloro isothiazolinone']","[4391, 'Methyl isothiazolinone']",,,
4769,,,,,
4770,,,,,
4771,,,,,
4772,,,,,
4773,,,,,
4774,,,,,
4775,,,,,
4776,"[4244, 'Methyl chloro isothiazolinone']","[4391, 'Methyl isothiazolinone']",,,
4777,,,,,
4778,,,,,
4779,,,,,
4780,,,,,
4781,,,,,
4782,,,,,
4783,,,,,
4784,,,,,
4785,,,,,
4786,,,,,
4787,,,,,
4788,,,,,
4789,,,,,
4790,,,,,
4791,"[4244, 'Methyl chloro isothiazolinone']","[4391, 'Methyl isothiazolinone']",,,
4792,,,,,
4793,,,,,
4794,"[4244, 'Methyl chloro isothiazolinone']","[4391, 'Methyl isothiazolinone']",,,
4795,,,,,
4796,,,,,
4797,,,,,
4798,,,,,
4799,,,,,
4800,,,,,
4801,,,,,
4802,,,,,
4803,,,,,
4804,,,,,
4805,,,,,
4806,"[4244, 'Methyl chloro isothiazolinone']","[4391, 'Methyl isothiazolinone']",,,
4807,,,,,
4808,,,,,
4809,,,,,
4810,,,,,
4811,"[2163, 'Quaternium-18']","[4, 'Propylene Glycol']",,,
4812,,,,,
4813,,,,,
4814,,,,,
4815,,,,,
4816,,,,,
4817,,,,,
4818,,,,,
4819,,,,,
4820,,,,,
4821,,,,,
4822,,,,,
4823,,,,,
4824,,,,,
4825,,,,,
4826,,,,,
4827,"[4244, 'Methyl chloro isothiazolinone']","[4391, 'Methyl isothiazolinone']",,,
4828,,,,,
4829,,,,,
4830,,,,,
4831,,,,,
4832,,,,,
4833,,,,,
4834,,,,,
4835,,,,,
4836,,,,,
4837,,,,,
4838,,,,,
4839,,,,,
4840,,,,,
4841,,,,,
4842,"[1769, 'Omega 3']","[5234, 'omega 6 fatty acids']",,,
4843,,,,,
4844,,,,,
4845,,,,,
4846,,,,,
4847,,,,,
4848,,,,,
4849,,,,,
4850,,,,,
4851,,,,,
4852,,,,,
4853,,,,,
4854,,,,,
4855,,,,,
4856,"[4244, 'Methyl chloro isothiazolinone']","[4391, 'Methyl isothiazolinone']",,,
4857,,,,,
4858,,,,,
4859,,,,,
4860,,,,,
4861,,,,,
4862,,,,,
4863,,,,,
4864,,,,,
4865,,,,,
4866,,,,,
4867,,,,,
4868,,,,,
4869,"[4244, 'Methyl chloro isothiazolinone']","[4391, 'Methyl isothiazolinone']",,,
4870,"[4244, 'Methyl chloro isothiazolinone']","[4391, 'Methyl isothiazolinone']",,,
4871,,,,,
4872,"[4244, 'Methyl chloro isothiazolinone']","[4391, 'Methyl isothiazolinone']",,,
4873,,,,,
4874,"[4244, 'Methyl chloro isothiazolinone']","[4391, 'Methyl isothiazolinone']",,,
4875,,,,,
4876,"[4244, 'Methyl chloro isothiazolinone']","[4391, 'Methyl isothiazolinone']",,,
4877,"[4244, 'Methyl chloro isothiazolinone']","[4391, 'Methyl isothiazolinone']",,,
4878,,,,,
4879,,,,,
4880,,,,,
4881,,,,,
4882,,,,,
4883,,,,,
4884,,,,,
4885,,,,,
4886,,,,,
4887,,,,,
4888,,,,,
4889,,,,,
4890,,,,,
4891,,,,,
4892,,,,,
4893,,,,,
4894,,,,,
4895,,,,,
4896,,,,,
4897,,,,,
4898,,,,,
4899,,,,,
4900,,,,,
4901,,,,,
4902,,,,,
4903,,,,,
4904,,,,,
4905,,,,,
4906,,,,,
4907,,,,,
4908,,,,,
4909,,,,,
4910,,,,,
4911,,,,,
4912,,,,,
4913,,,,,
4914,,,,,
4915,,,,,
4916,,,,,
4917,,,,,
4918,,,,,
4919,,,,,
4920,,,,,
4921,,,,,
4922,,,,,
4923,,,,,
4924,,,,,
4925,,,,,
4926,,,,,
4927,,,,,
4928,,,,,
4929,,,,,
4930,"[1852, 'PEG 150 PENTAERYTHRITYL TETRASTEARATE']","[4111, 'PEG 6 CAPRYLIC/CAPRIC GLYCERIDES']","[2143, 'WATER']",,
4931,,,,,
4932,,,,,
4933,,,,,
4934,,,,,
4935,,,,,
4936,,,,,
4937,,,,,
4938,,,,,
4939,,,,,
4940,,,,,
4941,,,,,
4942,"[1852, 'PEG 150 PENTAERYTHRITYL TETRASTEARATE']","[4111, 'PEG 6 CAPRYLIC/CAPRIC GLYCERIDES']",,,
4943,,,,,
4944,"[4, 'PROPYLENE GLYCOL']","[797, 'DIAZOLIDINYL UREA']","[3979, 'METHYLPARABEN']","[30, 'PROPYLPARABEN']",
4945,,,,,
4946,,,,,
4947,,,,,
4948,"[4, 'PROPYLENE GLYCOL']","[797, 'DIAZOLIDINYL UREA']","[3979, 'METHYLPARABEN']","[30, 'PROPYLPARABEN']",
4949,,,,,
4950,"[1852, 'PEG 150 PENTAERYTHRITYL TETRASTEARATE']","[4111, 'PEG 6 CAPRYLIC/CAPRIC GLYCERIDES']","[2143, 'WATER']",,
4951,,,,,
4952,,,,,
4953,,,,,
4954,,,,,
4955,,,,,
4956,,,,,
4957,,,,,
4958,,,,,
4959,,,,,
4960,,,,,
4961,,,,,
4962,,,,,
4963,,,,,
4964,,,,,
4965,,,,,
4966,,,,,
4967,,,,,
4968,,,,,
4969,,,,,
4970,,,,,
4971,,,,,
4972,,,,,
4973,,,,,
4974,,,,,
4975,,,,,
4976,,,,,
4977,,,,,
4978,,,,,
4979,,,,,
4980,,,,,
4981,,,,,
4982,,,,,
4983,,,,,
4984,,,,,
4985,,,,,
4986,"[4244, 'Methyl chloro isothiazolinone']","[4391, 'Methyl isothiazolinone']",,,
4987,,,,,
4988,,,,,
4989,,,,,
4990,,,,,
4991,,,,,
4992,,,,,
4993,,,,,
4994,,,,,
4995,,,,,
4996,,,,,
4997,,,,,
4998,,,,,
4999,,,,,
5000,,,,,
5001,,,,,
5002,,,,,
5003,,,,,
5004,,,,,
5005,,,,,
5006,,,,,
5007,,,,,
5008,,,,,
5009,,,,,
5010,,,,,
5011,,,,,
5012,,,,,
5013,,,,,
5014,,,,,
5015,,,,,
5016,,,,,
5017,,,,,
5018,,,,,
5019,,,,,
5020,,,,,
5021,,,,,
5022,,,,,
5023,,,,,
5024,,,,,
5025,,,,,
5026,,,,,
5027,,,,,
5028,,,,,
5029,,,,,
5030,,,,,
5031,"[4244, 'Methyl chloro isothiazolinone']","[4391, 'Methyl isothiazolinone']",,,
5032,,,,,
5033,,,,,
5034,,,,,
5035,,,,,
5036,"[4244, 'Methyl chloro isothiazolinone']","[4391, 'Methyl isothiazolinone']",,,
5037,"[4244, 'Methyl chloro isothiazolinone']","[4391, 'Methyl isothiazolinone']",,,
5038,,,,,
5039,,,,,
5040,,,,,
5041,,,,,
5042,,,,,
5043,,,,,
5044,,,,,
5045,,,,,
5046,,,,,
5047,,,,,
5048,,,,,
5049,,,,,
5050,,,,,
5051,,,,,
5052,"[3671, 'Rheum Palmatum Root Ext']","[4152, 'Eclipta Prostrata Ext']","[1998, 'Polygonum Multiflorum Root Ext']","[5243, 'Angelica dahurica Root Ext']",
5053,,,,,
5054,,,,,
5055,,,,,
5056,,,,,
5057,,,,,
5058,,,,,
5059,,,,,
5060,,,,,
5061,,,,,
5062,,,,,
5063,,,,,
5064,,,,,
5065,,,,,
5066,,,,,
5067,,,,,
5068,"[3671, 'Rheum Palmatum Root Ext']","[4152, 'Eclipta Prostrata Ext']","[1998, 'Polygonum Multiflorum Root Ext']","[5243, 'Angelica dahurica Root Ext']",
5069,,,,,
5070,,,,,
5071,,,,,
5072,,,,,
5073,,,,,
5074,,,,,
5075,,,,,
5076,,,,,
5077,,,,,
5078,,,,,
5079,,,,,
5080,,,,,
5081,"[4244, 'Methyl chloro isothiazolinone']","[4391, 'Methyl isothiazolinone']",,,
5082,,,,,
5083,,,,,
5084,,,,,
5085,,,,,
5086,"[4244, 'Methyl chloro isothiazolinone']","[4391, 'Methyl isothiazolinone']",,,
5087,,,,,
5088,,,,,
5089,,,,,
5090,,,,,
5091,,,,,
5092,,,,,
5093,,,,,
5094,"[4244, 'Methyl chloro isothiazolinone']","[4391, 'Methyl isothiazolinone']",,,
5095,"[2163, 'Quaternium-18']","[4, 'Propylene glycol']",,,
5096,,,,,
5097,,,,,
5098,,,,,
5099,,,,,
5100,,,,,
5101,,,,,
5102,,,,,
5103,,,,,
5104,,,,,
5105,,,,,
5106,,,,,
5107,,,,,
5108,,,,,
5109,,,,,
5110,,,,,
5111,,,,,
5112,,,,,
5113,,,,,
5114,,,,,
5115,,,,,
5116,,,,,
5117,,,,,
5118,,,,,
5119,,,,,
5120,,,,,
5121,,,,,
5122,,,,,
5123,,,,,
5124,,,,,
5125,,,,,
5126,,,,,
5127,,,,,
5128,,,,,
5129,,,,,
5130,,,,,
5131,,,,,
5132,,,,,
5133,,,,,
5134,,,,,
5135,,,,,
5136,,,,,
5137,,,,,
5138,,,,,
5139,,,,,
5140,,,,,
5141,"[4244, 'Methyl chloro isothiazolinone']","[4391, 'Methyl isothiazolinone']",,,
5142,,,,,
5143,,,,,
5144,,,,,
5145,,,,,
5146,,,,,
5147,,,,,
5148,,,,,
5149,,,,,
5150,,,,,
5151,,,,,
5152,,,,,
5153,,,,,
5154,,,,,
5155,,,,,
5156,,,,,
5157,,,,,
5158,,,,,
5159,,,,,
5160,,,,,
5161,,,,,
5162,"[4244, 'Methyl chloro isothiazolinone']","[4391, 'Methyl isothiazolinone']",,,
5163,,,,,
5164,,,,,
5165,,,,,
5166,,,,,
5167,,,,,
5168,,,,,
5169,,,,,
5170,,,,,
5171,,,,,
5172,,,,,
5173,,,,,
5174,,,,,
5175,,,,,
5176,,,,,
5177,,,,,
5178,,,,,
5179,,,,,
5180,,,,,
5181,"[4244, 'Methyl chloro isothiazolinone']","[4391, 'Methyl isothiazolinone']",,,
5182,,,,,
5183,,,,,
5184,,,,,
5185,,,,,
5186,,,,,
5187,,,,,
5188,,,,,
5189,,,,,
5190,,,,,
5191,,,,,
5192,,,,,
5193,,,,,
5194,,,,,
5195,,,,,
5196,,,,,
5197,,,,,
5198,,,,,
5199,,,,,
5200,,,,,
5201,,,,,
5202,,,,,
5203,,,,,
5204,,,,,
5205,,,,,
5206,,,,,
5207,,,,,
5208,,,,,
5209,,,,,
5210,,,,,
5211,,,,,
5212,,,,,
5213,,,,,
5214,,,,,
5215,,,,,
5216,,,,,
5217,,,,,
5218,,,,,
5219,,,,,
5220,,,,,
5221,,,,,
5222,,,,,
5223,,,,,
5224,,,,,
5225,,,,,
5226,,,,,
5227,,,,,
5228,,,,,
5229,,,,,
5230,,,,,
5231,,,,,
5232,,,,,
5233,,,,,
5234,,,,,
5235,,,,,
5236,,,,,
5237,,,,,
5238,,,,,
5239,,,,,
5240,,,,,
5241,,,,,
5242,,,,,
5243,,,,,
5244,,,,,
5245,,,,,
5246,,,,,
5247,,,,,
5248,,,,,
5249,,,,,
5250,,,,,
5251,,,,,
5252,,,,,
5253,,,,,
5254,,,,,
5255,,,,,
5256,,,,,
5257,,,,,
5258,,,,,
5259,,,,,
5260,,,,,
5261,,,,,
5262,,,,,
5263,,,,,
5264,,,,,
5265,,,,,
5266,,,,,
5267,,,,,
5268,,,,,
5269,,,,,
5270,,,,,
5271,,,,,
5272,,,,,
5273,,,,,
5274,,,,,
5275,,,,,
5276,,,,,
5277,,,,,
5278,,,,,
5279,,,,,
5280,,,,,
5281,,,,,
5282,,,,,
5283,,,,,
5284,,,,,
5285,,,,,
5286,,,,,
5287,,,,,
5288,,,,,
5289,,,,,
5290,,,,,
5291,,,,,
5292,,,,,
5293,,,,,
5294,,,,,
5295,,,,,
5296,,,,,
5297,,,,,
5298,,,,,
5299,,,,,
5300,,,,,
5301,,,,,
5302,,,,,
5303,,,,,
5304,,,,,
5305,,,,,
5306,,,,,
5307,,,,,
5308,,,,,
5309,,,,,
5310,,,,,
5311,,,,,
5312,,,,,
5313,,,,,
5314,,,,,
5315,,,,,
5316,,,,,
5317,,,,,
5318,,,,,
5319,,,,,
5320,,,,,
5321,,,,,
5322,,,,,
5323,,,,,
5324,,,,,
5325,,,,,
5326,,,,,
5327,,,,,
5328,,,,,
5329,,,,,
5330,,,,,
5331,,,,,
5332,,,,,
5333,,,,,
5334,,,,,
5335,,,,,
5336,,,,,
5337,,,,,
5338,,,,,
5339,,,,,
5340,,,,,
5341,,,,,
5342,,,,,
5343,,,,,
5344,,,,,
5345,,,,,
5346,,,,,
5347,,,,,
5348,,,,,
5349,,,,,
5350,,,,,
5351,,,,,
5352,,,,,
5353,,,,,
5354,,,,,
5355,,,,,
5356,,,,,
5357,,,,,
5358,,,,,
5359,,,,,
5360,,,,,
5361,,,,,
5362,,,,,
5363,,,,,
5364,,,,,
5365,,,,,
5366,,,,,
5367,,,,,
5368,,,,,
5369,,,,,
5370,,,,,
5371,,,,,
5372,,,,,
5373,,,,,
5374,,,,,
5375,,,,,
5376,,,,,
5377,,,,,
5378,,,,,
5379,,,,,
5380,,,,,
5381,,,,,
5382,,,,,
5383,,,,,
5384,,,,,
5385,,,,,
5386,,,,,
