1,마소필름
3,말라세틱 에이치 씨
6,인비져블 홀드 셋팅 젤
9,틱 엔 틱커 보디피어
12,휴멕턴트 오일
13,모이스쳐링 코트 프로텍터
15,퓨어 코스메틱 라놀린 플러스
20,퓨얼 화이트 라이트닝 샴푸
21,크리습 코트 보태니컬 샴푸
25,겟 잇 스트레이트
29,헤어 리비틀라이져
30,돼지인공수정용희석제
31,레인포레스트 리브 인 컨디셔너
32,발데치 코어스 헤어 배스
33,웅자아로마&펄트리트먼트(라벤더)
34,웅자아로마&펄트리트먼트(릴리오브
35,웅장아로마&펄트리트먼트(쟈스민)
36,웅자아로마&펄트리트먼트(미모사)
37,웅자 아로마 오드코롱 라벤더
38,웅자 아로마 오드코롱 릴리오브벨
39,웅자 아로마 오드코롱 쟈스민
40,웅자 아로마 오드코롱 미모사
41,웅자 아이클린저
42,웅자 이어클린저
43,울트라 프레니쉬 컨디셔너
44,레몬에이드 컨디셔닝 샴푸
45,원샷 린스-워터리스 샴푸
46,엠이디 탑피칼 솔루션
48,엠이디 샴푸
52,고양이전용 리브-인 러스터라이저
57,더플러스 이어클리너
60,플레이도그 눈물얼룩지우개
61,플레이도그 밀크샴푸
62,플레이도그 실버 탈취제
63,크레이지 독 베이비 파우더 샴푸
65,크레이지독베이비파우더그루밍스프
66,크레이지 펫 레인포레스트 샴푸
70,예삐 실버 구강청정제
71,예삐 실버 귀세정제
72,예삐 실버 눈물얼룩지우개
73,예삐 실버 탈취제-과일향
74,예삐 실버 탈취제-아로마향
75,예삐 실버 탈취제-퍼퓸
76,씬바이오틱스 개파보 검사킷트
77,씬바이오틱스 개 임신 진단킷트
78,씬바이오틱스 개 부르셀라진단킷트
79,개 디스템파 파보역가 검사킷트
80,벨러스 샴푸 콘선트레이트
81,벨러스클래어파잉샴푸콘선트레이트
82,벨러스 컨디셔닝 콘선트레이트
83,벨러스 스태틱 스태빌라이져 스프레이
84,벨러스 새틴 크림
85,벨러스 탱글 아웃
86,벨러스 피니쉬
87,프루너스 프리미어 허브 샴푸
88,프루너스 프리미어 허브 코롱
89,페코 애완용 탈취제
90,말아세틱 윁 와이프
92,덴아세틱 덴탈 젤
93,덴아세틱 와이프
94,트리즈 EDTA 클린져
95,트리즈 EDTA 애퀴어스
96,말아세틱 콘디셔너
100,더마셉스 샴푸
101,더마벤스 샴푸
103,프루너스 내츄럴 허브 샴푸
104,프루너스 새니터리 클렌징 젤
108,페코 요오드 샴푸
109,페코 딸기 샴푸
110,페코 망고 샴푸
111,페코 바나나 샴푸
112,페코 체리 샴푸
113,페코 파우더 샴푸
114,페코 허브 샴푸
115,클라렉스
116,Wipe Out? Dairy Wipes
122,토토 투웨이 샴푸
123,그로아 애견용 세정제
124,페코 애완용 그리니쉬 향수
125,페코 애완용 스위티 향수
126,페코 애완용 후레쉬 향수
127,쿨독 고-고 그레이프 크림 린스
131,큐컴버 멜론 샴푸
132,큐컴버 멜론 컨디셔너
134,마운틴 베리 샴푸
141,트로피칼 포레스트 컨디셔너
151,쿨독 망고 매니아 샴푸
152,사이언스 AD3E액
153,페코 케토 컨디셔닝 샴푸
154,페코 케토 컨디셔닝 린스
155,페코 후르츠 그루밍 컨디셔너
156,페코 이어파우더
157,페코 살충 귀세정제
158,펫퍼스 징코 샴푸(장모용)
159,펫퍼스 징코 샴푸(단모용)
160,펫퍼스 징코 샴푸린스
161,펫퍼스 징코 약용샴푸(살충용)
162,페코 숏코트 샴푸
163,페코 롱코트 샴푸
165,페코 살충 샴푸
166,페코 배변유도제
167,올비타수용산
172,플레이도그 배변유도제
173,페코 샴푸 앤드 린스
174,페코 퍼피 샴푸
175,페코 화이트코트 샴푸
176,페코 린스
177,페코 이어워시
178,페코 클린아이
179,페코 마우스워시
180,플레이도그 프로페셔널샤워코롱-베
181,플레이 도그프로페셔널샤워코롱-후
183,마이트 티 패스트
184,마소케어 HV
185,고양이 털빠짐 방지 스프레이
187,고양이 스프레이-온 워터리스 샴푸
190,발데치 리프레싱 멘톨 샴푸
193,샤이니 코트 테라피
195,쉐드 리듀싱 테라피
197,이칭 릴리프 테라피
198,허벌 익스트랙트 샴푸
199,도기 브레뜨 솔루션
201,츄잉 스톱 트레이닝 에이드
202,캐트닢 디라이트 스프레이
204,라이트온스팥 트레이닝 에이드
205,오트밀 어덜트 샴푸
206,인스턴트 그루밍 샴푸
210,클린 & 후레쉬 샴푸
212,펫트에스테비비드컬러프로텍트크림
214,펫트 에스테 비비드 컬러
215,펫트에스테비비드컬러클리어미디움
216,세인트오브리 안티박테리얼 샴푸
217,세인트 오브리 프리미엄 노츄
218,세인트오브리 프리미엄 죠져 콜론
219,뉴 슈퍼파워 클렌센트(일반용)
220,뉴 슈퍼파워 클렌센트(백모용)
221,뉴 슈퍼파워 클렌센트(자견용)
222,해피케어 내츄럴머드&실버
223,드림케어덴탈클린페이스트
224,설포딘 쓰리웨이 연고제 - 개전용
226,비타킹 골드
231,쉐드 리듀서 스프레이
233,오도 리무버 샴푸
235,펫츠웰비타민샴푸
236,펫츠웰화이트닝샴푸
237,펫츠웰 에쎈셜린스
238,펫츠웰 투윈 이펙트 샴푸린스
239,펫츠웰 요오드케어
240,펫츠웰 클리어아이
241,펫츠웰 이어크린
242,펫츠웰 브레스스프레이
243,비앤비 퍼퓸 강아지용 샴푸&린스
247,비앤비 퍼퓸 화이트 샴푸
248,쇼 구룸
249,난자성숙.공배양시약
250,수정시약
252,구루밍 파우더
255,포켄스 단모용 알로에 샴푸
256,포켄스 장모용 알로에 샴푸
261,포비스 요오드 샴푸
262,포비스 이어파우더
263,씬바이오틱스 위트네스 리렉신
264,씬바이오틱 파보바이러스 진단킷트
265,씬바이오틱스 위트네스 심장사상충
266,멀티팻 리퀴드 눈물얼룩클렌져
267,발데치 이어 크린싱 폼
270,비듬방지용 예삐 다이아몬드겸용샴
278,토토 퍼피 샴푸
279,토토 클리어 탈취제
280,토토 클린 귀세정제
281,피앤피 샴푸
282,피앤피 퍼피 샴푸
284,피앤피 클린 귀세정제
285,후레쉬 브레드 엔 덴탈 케어
287,바란스네츄럴클린이어트리트먼트
289,프리미엄 티어리스 퍼피 샴푸
290,프리미엄 시트러스 플러스 샴푸
292,리후레쉬 롤온
294,후리덤 롤온
297,챠코르 & 페퍼민트 정제
301,올드 프랜드 샴푸
302,안티안커스트 롤온
303,카르마 롤온
304,선샤인 컨디셔닝 스프레이
306,후리덤 스프레이
308,프란다스화이트샴푸
309,프란다스컨디셔닝샴푸
310,프란다스트리트먼트
311,예삐테라피샴푸 진드기벼룩예방전
312,보보샴푸앤컨디셔너-자견용
313,보보 샴푸앤컨디셔너-유색견용
314,보보 샴푸앤컨디셔너-백모용
316,카밀레 & 헤너 샴푸
317,Zn 4.5 오틱
319,돼지인공수정용희석제(X-CELL)
320,돼지인공수정용희석제(BTS)
321,돼지인공수정용 희석제(SAFE CELL)
322,훞-피트 액
323,훞-피트 겔
325,도모다찌(니오원더풀2)
326,발데치 어트렉티브로션
327,발데치 리펠런트로션
328,발데치 폴리싱 UV오일
330,발데치 노트-루즈너
331,돼지인공수정용 희석제
333,플레이도그 후레쉬 구중청량제
334,플레이도그 아이크리너
335,플레이도그 이어크리너
338,스노윙 샴푸
340,노블 샴푸&린스
341,로-코 원스텝 샴푸
342,루삐 컨디셔너 샴푸
343,루삐 패팅샴푸
344,루삐 펫스킨러브
345,플레이도그 투웨이샴푸-샴푸린스겸
352,펫퍼스 애완용 오데퍼퓸옴므(향수)
353,펫퍼스 애완용 오데퍼퓸(향수)
354,펫퍼스 애완용약용샴푸 건성비듬용
355,펫퍼스 애완용약용샴푸 지성비듬용
356,펫퍼스애완용약용샴푸이벼룩살충용
357,프로텍트 어 코트
358,스탯 어 웨이
360,파인 엘 샤인 크림 린스
361,아도락 귀세척제
364,그랜디스 내츄럴 모발 영양제
365,그랜디스 클린 눈 세정제
366,그랜디스 펫 이어 파우더
367,그랜디스 눈물 얼룩 클렌져
368,그랜디스 약용 비듬샴푸
369,그랜디스 약용 벼룩 샴푸
370,그랜디스 약용 요오드 샴푸
371,내쳐스 솔브
373,프리미엄 디탱글링 샴푸
374,라디언트 화이트 브라이트닝 샴푸
376,리브-인 컨디셔너 & 러스터라이저
377,프리미엄 린스리스 샴푸
379,노플라이존 내츄럴 펫 스프레이
380,스프레이-온 쉐드 리듀서
384,베터리너리: 오트밀 콘디셔너
385,그루머 : 허벌익스트렉트 샴푸
386,그루머 : 퍼피 후레쉬 샴푸
387,그루머 : 오트밀 콘디셔너
389,그루머 : 오트밀 샴푸
390,그루머 : 울트라 화이트 샴푸
391,그루머 : 컬러 플러스 샴푸
393,로얄 미네랄 부록
394,퍼시픽스 애플샴푸
395,퍼시픽스 체리샴푸
396,퍼시픽스 후렌치 린스
397,퍼시픽스 애플린스
398,퍼시픽스 체리린스
399,루삐 푸딩샴푸
400,루삐 브라이트린스
401,포비스 버블타임
406,쉐드 가드
407,포티 트레이닝 에이드
408,디오더라이징 이어 워시
413,피아이에프 다이어트
414,그랜디스 내츄럴 플로랄 향수
415,그랜디스 내츄럴 무스크 향수
416,그랜디스 내츄럴 후르츠 향수
417,그랜디스 투웨이 내츄럴 샴푸
418,그랜디스 자일리톨 치약
419,그랜디스 바이오 탈취제
421,솔로스텝 FH
422,클로렉신 샴푸
423,클로렉신 오토솔
424,이알디 헬스스크린 고양이
425,뉴트리피드
426,파이브스타록키
427,그랜디스 내츄럴 샴푸
428,그랜디스 퍼피 내츄럴 샴푸
429,그랜디스 컨디셔닝 내츄럴 린스
430,그랜디스 화이트 내츄럴 샴푸
431,그랜디스 자일리톨 구강청정제
432,그랜디스 애견용 귀세정제
433,THE DOG 항균탈취제
434,퍼시픽스 드림샴푸
435,글리터 미모 겸용샴푸(애완용)
436,퍼시픽스 퀸스샴푸
437,글리터 미모 겸용샴푸(백모용)
438,퍼시픽스 그린퍼픽샴푸
439,퍼시픽스 엑스퍼트 샴푸
440,퍼시픽스 유칼립투스 샴푸
441,퍼시픽스 후렌치 샴푸
442,프로글루머 후레슁 스프레이 커테
443,프로그루머 후레슁 스프레이 베이
444,프로그루머 후레슁 스프레이 후레
450,매직터치 구루밍 스프레이
454,"페트로덱스 구강스프레이(견,묘용)"
455,페트로덱스 효소치약(견용)
456,바란스템테이션코롱
457,프란다스 도그샴푸
458,프란다스 도그 린스
460,프란다스 도그 구강청결제
470,라이시노
471,씨앤앤해피펫 샴푸-백모용
472,씨앤앤해피펫 샴푸-자견용
475,세포배양시약
476,"난자성숙, 공배양시약(IVMD101)"
477,수정란 배양용 시약(IVD101)
478,수정용 시약(IVF100)
479,수정란동결시약
480,콜라겐 시약
481,난자 회수액
485,유앤미 클리어 눈세정제
487,유앤미 아이 눈물지우개
488,유앤미 애완용 비듬샴푸
489,유앤미 벼룩 샴푸
490,유앤미 요오드 샴푸
492,제로니자견용샴푸
493,제로니화이트샴푸
495,제로니린스
496,프리즈미디움에틸렌글라이콜
498,어드밴티지콜렉션미디움
499,트렌스퍼미디움
500,팃실
501,이 알 디 헬스 스크린 캐나인
502,알러셉트 이 스크린
504,유앤미오렌지향수
506,유앤미투웨이샴푸
507,유앤미화이트치약
508,유앤미클린탈취제
510,서울염화코린-50
512,솔로스텝 CH
517,유앤미 샴푸
518,유앤미 자견용 샴푸
520,유앤미 백모용 샴푸
521,유앤미 후레쉬 구중청량제
522,유앤미 애견용 귀세척제
524,베이비 폼 샴푸 발데치
526,퍼스트 배스 발데치
527,스킨 프로텍팅 배스 발데치
528,멀티비타민 배스 발데치
531,리바이탈라이징 배스 발데치
532,듀 발데치
535,셀라이프-F(수산용)
537,제키 애완용 비듬 샴푸
539,제키 요오드 샴푸
540,제키 벼룩 샴푸
547,이뮤노콤 펠라인 코로나바이러스
548,이뮤노콤 캐나인파보바이러스 디스
549,이뮤노콤 펠라인 바이스팟 클라미
552,더플러스 구강스프레이
554,제키 클린탈취제
555,제키 애완용 배변유도제
556,제키 코팅 모발
558,부들부들 펫 이어 파우더
561,제키 클리어 눈 세정제
562,제키 펫 이어 파우더
563,제키 아이 눈물 지우개
565,스크래책스 에어로졸 벼룩.진드기
566,애니펫 덴탈케어 치약(닭고기향미
567,제키 자견용 샴푸
568,제키 컨디셔닝 린스
569,제키 후레쉬 구중청량제
570,제키 핑크 향수
571,제키 블루 향수
572,제키 오렌지 향수
574,돼지인공수정용 정액 희석제
575,에스칼리버 샴푸
576,크로스매취머티리얼스
579,안티츄잉솔루션
580,안티이칭솔루션
581,실크 프로테인터치
582,슈퍼미네랄부록
586,부들부들코팅모발
587,제키샴푸
588,제키백모용샴푸
589,이타솔 에이디쓰이
590,부들부들애완용배변유도제
591,퍼시픽스푸렌드샴푸
592,퍼시픽스푸렌드린스
596,맥시가드 오랄 클린싱 겔
597,맥시가드 오라젠
601,맥시가드 Zn7 이콰인
603,네오부록엔에프
604,드림케어겸용샴푸
605,시게따    모노클로널 안티바디
606,시게따 도그 모노클로널 안티바디
607,셀라이프-A(양계용)
608,셀라이프-B(축우용)
609,드림케어화이트코트샴푸
610,드리케어요오드샴푸
613,드림케어이어크린
614,드림케어클리어아이
615,수산용 비스루트
616,부들부들 컨디셔닝
623,THE DOG 스킨케어 샴푸
625,이뮤노콤 캐나인 파보바이러스 아
627,휄리웨이
628,드림케어클리어샴푸
629,드림케어실키린스
634,포비스 굿 퍼피
635,더마졸 스킨릴리프 겔
636,더마졸 스킨릴리프 스프레이
637,더마플랙스 메디케디티드 샴푸
639,"스크래책스 벼룩, 진드기 목걸이"
640,설포딘 메디케이티드 샴푸
641,설포딘 애견용 메디케이티드
642,씨아이디 딥 슈퍼
643,미노비트 수퍼
644,엔비락
646,양계용하이믹스
647,양돈용 하이믹스
648,후프겔
650,아이딥
651,리마네올 엔 에프
652,네오마그네슘부록
653,프로모트 자일라네이즈
654,프로모트 콘-소야
655,새우질병 스트리닝키트
656,디엔에이프리머키트
657,흰점바이러스조기경보진단키트
659,포티플렉스 525
660,포티플렉스 375
662,인트래이칼라렉스이스트
664,운드가드
665,포비스 오랄 리후레셔
666,서울-메치오닌 1000
669,포비스굿이어
672,믹소리고
676,로디멧 엔피99/디엘메치오닌99
677,코파벧 메치오닌
678,인트레이디엠
679,이뮤노콤 디스템퍼/파보
680,이뮤노콤 디스템퍼
681,이뮤노콤 파보
682,이뮤노콤 감보로.뉴캣슬.전염성기
683,파보 스팥 팩
684,하트웜 안티젠스팥 팩
685,대한 메치오닌
686,제일메치오닌
687,제일라이신
688,다원메치오닌
689,녹수메치오닌
690,유니메치오닌
691,미네랄프리믹스G
692,미네랄프리믹스8707
693,미네랄프리믹스ENHANCE
694,미네랄프리믹스8708
696,카르톤
698,수산용 피쉬.헬스
699,펫스토리펫코롱
704,싸니오렐레
706,하우스브리커
708,호호바코트콘디셔너
709,알로에콘디셔너
710,한동트립토판.100
712,한동트레오닌.500
714,킬스트레스 플러스
715,아나졸
719,유니-트레오닌
720,고양이사료용 미네랄프리믹스
721,고양이사료용 비타민프리믹스
722,릭바이트
727,SILKCOAT CONDITIONER
729,CALF MANNA PREMIX A-5J
730,CALF MANNA PREMIX C50-J
731,크레이지독그루밍리퀴드
733,수산용바이오라제
734,알리나블록슈퍼
735,오랄-D   오랄-C
737,엘민오더 - 개용
738,엘민오더 - 일반용
739,엘민오더 - 고양이용
740,엘민오더 - 긴급 분변냄새제거용
741,크레이지독 페트치약
742,아쿠아비타쿨
743,카디날애견향수
744,크레이지독크루밍스프레이
745,뽀삐겔샴푸
746,린코스펙틴 감수성디스크
747,세프티오훠 감수성 디스크
748,타이로신 감수성 디스크
749,린코테트라 감수성 디스크
750,티아무린 감수성 디스크
751,네오마이신 감수성 디스크
752,하이드로렉스 브이에이
753,개파보바이러스진단킷
756,르푸치
757,르푸치투
758,라푸치
759,라푸치투
762,후프텍트
766,더미산
767,프로피스덤
768,뽀삐 쥬쥬바
770,페트그로스컨디쇼너
773,인테프루프-산
774,인테프루프-액
775,뉴트리 링크.엘
776,뉴트리 링크. 에스
777,레드록키미네랄릭
780,수산용 슈퍼씨
781,한풍-트레오닌
782,성원 메치오닌-50
783,루프로실엔씨 64
785,알라메친
786,엑스트라-쿨액
787,엑스트라-쿨산
788,수산용 비콤산
789,슈퍼페롤-씨
791,동부 메치오닌50
792,버퍼린칼
794,코미바이오친
795,삼양 비타F-1호
796,삼양 비타F-2호
797,삼양 비타F-3호
798,한양 메치오닌500
799,바이오핏쉬
801,진푸로-100
802,한양 셀레믹스
806,비타킹로얄
807,진푸로40
810,진푸로200
811,메트아이론65
813,비오라신
814,비오라제
815,다이나믹스-500
816,다이나믹스-호그
820,중앙 셀믹스
821,대양메치오닌-50
822,다이나믹스-폴츄리
825,유니비타종계용
826,유니비타 육계용
828,서울DC믹스-1
830,비타피드-디씨
832,비타미놀에스더블유
833,퍼마믹스-디시
834,퍼마믹스 양돈용
835,로코빗-DC
836,유니비타하이슈퍼
837,유니비타슈퍼DC
838,유니비타슈퍼SW
839,코미네오믹스비타말
840,중앙 AD3
843,피톤치드 클린업 탈취제
845,피그 데 라잇 에우 데 토일렛
847,독패션 스파 프루티베리 페이셜
848,독패션스파 비앙코 화이트닝 샴푸
849,샴푸만은순하게(12가지 수분베리와 장미꽃잎수 담은 샴푸)
852,피즈퍼즈 더마 앰플 미스트
856,펫쉴드 더순한 연꽃수 귀세정제
857,샴푸만은순하게(밀크&실크단백질과 콜라겐 담은 샴푸)
858,부들부들 클린탈취제 피톤치드향
859,부들부들 에코랜드 체리베리 탈취제
863,부들부들 클린 탈취제 코튼향
864,셰이프 잇 헤어 스프레이
865,매직 부스트  시저링 스프레이
866,브리타바이트액
867,플로라맥스 PW
868,블래스파워산
870,글로스 잇 샤인 스프레이
871,매직 데탕글러 컨디셔닝 스프레이
872,부스트 잇 텍스처 스프레이
873,매직 화이트 클래이 파우더
874,닥터 프렌시아 시어버터 샴푸
875,베타민 산
880,부들부들 에코랜드 화이트 샴푸&린스 프리미엄
881,부들부들 에코랜드 퍼피 샴푸&린스 프리미엄
882,부들부들 에코랜드 제너럴 샴푸&린스 프리미엄
887,프로베티 티엑스 프로
891,"프리 라이프 펫 자견,노견용 샴푸"
892,프리 라이프 펫 안티댄드러프 샴푸
893,하이누 펫 샤워 올인원 케어 샴푸
896,닥터테라피 미스트
897,프리 라이프 펫 드라이 헤어 샴푸
903,더모센트 아톱세븐무스
906,부들부들 오랄 케어 워터
908,디아쿠어 플러스
912,애니멀랩 덴탈 찌약
913,브리더 고양이 샴푸 (장모용)
914,브리더 고양이 샴푸 (단모용)
915,아르간 리페어 독 샴푸
917,원더펫 펫 후레쉬 스프레이
920,부들부들 개편한 크림 딸기가 좋아
921,부들부들 펫 케어 밤 딸기가 좋아
922,핏펫 닥터설 워터리스 샴푸
923,비식스 젤리 케어 모이스처
925,핏펫 소프킨 풋 에센스
926,티에스 마이퍼피 애견샴푸
927,아이지골드 플러스 액
928,로비솔-50 플러스 액
931,지켜줄개 힐링 테라피 탄산 스파
932,지켜줄개 퍼퓸 아이 워시
933,지켜줄개 퍼퓸 이어 워시
934,지켜줄개 먹는 오가닉 치약
945,견사돌 반려견 전용 치약
947,베러펫 크리신 샴푸(손상케어)
948,플로리스 펫 샴푸 모닝 스노우드롭 플러스
950,지켜줄개 올인원 에센스 미스트
951,베타핀 쿨 액
952,지켜줄개 샤이닝 볼륨 샴푸
953,지켜줄개 트러블 케어 에센스
954,프리메라 마일드 카밍 리퀴드 샴푸 포 독
955,프리메라 마일드 카밍 버블 샴푸 포 캣
956,헬스파워 플러스 산
961,하운하 나투어코스메틱 골트쉬파츠 애견샴푸 250(백모용)
963,하운하 나투어코스메틱 크누델베어 애견샴푸 250 (적갈색과 어두운 모발용)
964,하운하 나투어코스메틱 부쉘티거 애견샴푸 250 (장모용)
965,아트빌 씨 산
967,다원 브이라이트 산
968,포송 매직샤워
970,저푸(백모용)
976,리커버리 인 아쿠아 미스트
977,리커버리 인 아쿠아 맑은 순
978,마데큐어 세럼
979,워터리스 버블 샴푸 포 펫
981,디바인 펫츠 프로페셔널  리브 인 컨디셔닝 스프레이
982,디바인 펫츠 프로페셔널 리바이탈라이징 컨디셔너
983,디바인 펫츠 프로페셔널 브라이트닝 샴푸
984,디바인 펫츠 프로페셔널 레귤러 워시 샴푸
985,뚝딱케어 에브리데이 샴푸
986,뚝딱케어 탈취제
987,뚝딱케어 실키샤인 샴푸
988,뚝딱케어 눈물얼룩지우개
989,뚝딱케어 눈세정제
990,뚝딱케어 귀세정제
991,뚝딱케어 엉킴방지 미스트
992,지스미 워터리스 스프레이 샴푸
993,브리지테일 블루밍 바디워시 프로
994,디바인 펫츠 캣 앤 키튼 컨디셔닝 샴푸
995,디바인 펫츠 프로페셔널 머드 테라피
996,블래스프로 산
998,펫닥 이지워시 이어클렌저
999,펫닥 이지워시 아이클렌저
1000,펫닥 이지워시 워터리스 클렌저
1001,펫닥 이지워시 올인원 샴푸
1002,브이랩 안티벅스
1003,엔젤스 샤이닝 미스트
1004,엔젤스 릴렉스 펫 샴푸
1005,포프랩 풋 밤
1006,CET 아쿠아덴트 FR3SH
1007,투투펫 내품애 귀세정제
1008,힐링 클레이 독 샴푸
1009,차콜 독 샴푸
1010,라벤더 캄 워터리스 배스(개 고양이 겸용)
1012,YU 리치 벨벳 코트 바운싱 샴푸
1013,SJM 양돈비타
1014,SJM양돈미네
1016,순수린스 마조람 그린
1020,라스자임 산
1022,러프우프 샴푸 볼륨 앤 모이스쳐
1023,러프우프 발라밤 데일리
1024,러프우프데일리미스트
1028,덴탈테라피 포 캣
1029,부들부들 개편한 크림
1031,펫덤
1032,댕댕아 긁지마
1034,듀펫 마일드 업 펫 샴푸
1035,듀펫 실키 업 펫 컨디셔너
1036,엠오린칼펠렛
1038,이제파워산
1040,워터리스 퓨어 샴푸
1041,퓨어 허벌 레시피 볼륨 샴푸
1042,퓨어 허벌 레시피 실키 샴푸
1044,프리미어 버블 펫 샴푸(7종향)
1045,수솝 카렌듈라 반려동물 스파 입욕제
1046,엠오 비테-씨 산
1048,리버마린 정 200 (S-아데노실-L-메티오닌황산토실산염)
1049,퓨어 허벌 레시피 마일드 샴푸
1050,피그뮨 산제
1051,허니 라이프 산
1053,뉴트리믹스-L (액)
1054,폴미첼존폴펫라벤더민트샴푸
1055,폴미첼존폴펫오트밀샴푸
1056,폴미첼존폴펫슈퍼브라이트샴푸
1057,폴미첼존폴펫티트리샴푸
1060,폴미첼존폴펫오트밀컨디셔닝린스
1065,페스룸 버블샴푸 캣츠
1069,투투펫 내품애 안구세정제
1070,투투펫 내품애 눈물자국지우개
1071,투투펫 내품애 구강스프레이
1075,아인솝 네추럴그루밍미스트
1077,오라맥스 비타-T
1081,카프스타 액
1082,아이지스타파워 액
1083,닥터힐메딕스 하이퓨어 블루 샴푸
1084,닥터힐메딕스 하이퓨어 그린 샴푸
1086,퓨어 허벌 레시피 올인원 샴푸
1089,댕댕카솔 케어크림
1091,신묘하개 귀세정제
1093,시너지액 골드
1095,울지마마이펫 치카치약(당근)
1097,닥터하이파 프로덴탈 케어 겔 페퍼민트
1098,버블부들멀티밤
1099,도그 바디 워시-하이드레이팅 위드 알로에 베라 익스트랙트
1103,어몽어스 허니코코밤
1104,신묘하개 바디&샴푸
1106,신묘하개 치약
1108,유어러브 로얄 샴푸
1109,아르르 크리미 샴푸
1110,이니스프리 디어펫 너리싱 샴푸
1111,이니스프리 디어펫 딥클렌징 샴푸
1115,헬로 애견샴푸 민감성 피모용
1116,헬로 애견샴푸 모든 피모용
1117,리커버리 인 아쿠아 린스
1118,리커버리 인 아쿠아 샴푸
1120,뉴작품 안구세정제
1121,베이컨 쿨링 미스트
1122,엠케이 비타 산
1125,고우향탄산버블폼샴푸
1126,뉴바이탈린 구강스프레이
1127,OK-미네랄 PX 산
1129,뉴작품 구강스프레이
1130,뉴 바이탈린 귀세정제
1131,마라피키 케어밤 포 캣
1133,스킨 앤 코트 에센셜 핫스팟 샴푸
1134,스킨 앤 코트 에센셜 비듬 샴푸
1136,스킨 앤 코트 에센셜 하이포알러제닉 샴푸
1137,헤파헬스 포르테액
1138,비타솔-엘 액제
1139,그라운드독 네츄럴 클린 샴푸
1140,프라임독 후레쉬데오 프리지아
1144,펫팸스 넘버원 프리미엄 샴푸
1145,페스룸 버블샴푸 [숏-헤어 독스]
1146,페스룸 버블샴푸 [롱-헤어 독스]
1150,모이스처 백모 샴푸
1153,멜트 펫 컨디셔너
1154,소황제 더 깔끔이
1155,어몽어스 데일리 수딩 미스트
1156,마누카꿀 수딩 미스트
1158,스멜 닥터 펫 샴푸
1159,조이 펫 샴푸 (페퍼민트)
1160,밀크모아 산(메티오닌)
1161,성원 수산용베타산
1162,비타컬쳐산
1163,녹수 베타플러스액
1165,조이 펫 샴푸 (주니퍼베리)
1166,마누카꿀 카밍 밤
1167,세바뮨
1168,프라임독 실키앤마일드 샴푸
1169,프라임독 스페셜케어 샴푸
1170,프라임독 볼륨업 샴푸
1174,SJM산란계2산
1175,SJM육계2산
1177,댕댕이스웩(블루)
1178,댕댕이스웩(바이올렛)
1179,댕댕이스웩(레드)
1180,도그 바디 워시-이치 릴리프 위드 바이올라 트리컬러 익스트랙트
1181,퍼 리프레셔-리저버네이팅 미스트 위드 라벤더
1182,퍼 리프레셔-리저버네이팅 미스트 플로랄 위드 프림로즈
1183,도그 바디 워시 - 볼륨 위드 애플 익스트랙트
1184,미러클 오일 핫스팟 트리트먼트
1185,도그 바디 워시- 블랙 앤 그레이 코트 위드 차콜 앤 밤부
1186,도그 바디 워시 - 하이포알러제닉 앤 티어프리 위드 이브닝 프림로즈
1187,퍼 디탱거 리브인컨디셔너 위드 아르간 앤 모링가오일
1188,이뮨-업 현탁제
1189,퍼피 바디 워시-젠틀 앤 티어프리 위드 라벤더 앤 아르간오일
1190,도그 바디 워시-딥 클린징 위드 티 리프 익스트랙트
1198,소황제 더 미래
1199,메리도그 프리미엄 클라우드 클린업 샴푸
1200,메리도그 프리미엄 엔젤스 아이 클리너
1202,아로마실키브러싱 스프레이
1203,DA-아쿠아 비타민 프리믹스 산
1205,DAM-C 육성돈 미네랄 프리믹스 산
1206,DAM-D 개 미네랄 프리믹스 산
1207,DAM-G 비육돈 미네랄 프리믹스 산
1208,DAM-H 새우 미네랄 프리믹스 산
1210,DAV-1 산란계 비타민 프리믹스 산
1211,DAV-2 오리 비타민 프리믹스 산
1212,DAV-3 육성돈 비타민 프리믹스 산
1213,DAV-4 개 비타민 프리믹스 산
1214,DAV-5 육계 비타민 프리믹스 산
1215,DAV-6 종계 비타민 프리믹스 산
1216,DAV-7 비육돈 비타민 프리믹스 산
1217,DAV-8 새우 비타민 프리믹스 산
1218,DAV-9 어류 비타민 프리믹스 산
1219,소황제 더 본
1227,소황제 더 버들강아지 미스트
1228,소황제 더 오리엔탈 미스트
1229,소황제 더 순
1232,아프텐 케어
1233,소황제 호 철관음
1234,소황제 호 스페셜베이비
1235,토일렛 트레이닝 스프레이
1236,푹스토이 애견샴푸 300
1237,골트쉬파츠 애견샴푸 300
1238,쿤델베어 애견샴푸 300
1239,라쎌반데 애견샴푸 300
1240,부쉘티거 애견샴푸 300
1241,Nano-C 펫 탈취제 (은나노)
1242,오무오무 블랙 샴푸 트리트먼트
1243,오무오무 화이트 샴푸
1244,퍼 프레쉬 컨디셔너
1245,아이헤잇케이지 컨디셔닝 데오 미스트 - 스윗베리
1246,아이헤잇케이지 컨디셔닝 데오 미스트 - 런드리
1247,아이헤잇케이지 내추럴 릴리프 샴푸
1248,소황제 더 랩헤비
1249,소황제 더 랩지기
1250,소황제 더 랩라이트
1253,쏠티방탄스프레이
1255,쏠티 천연 이어워터
1256,쏠티아이카밍파우더
1257,쏠티반려견샴푸
1258,쏠티 천연 워터리스샴푸
1260,버블부들아로마탄산스파
1262,S1 뉴트리비타 산
1263,소황제 더 브라이트닝 샴푸
1264,소황제 더 달맞이 샴푸
1265,소황제 더 모두 샴푸
1266,소황제 더 디톡스 샴푸
1267,소황제 더 오리엔탈 샴푸
1268,소황제 더 우리 샴푸
1269,하하푸 샴푸
1270,소황제 더 소프트 샴푸
1272,스카우츠 아너 프로바이오틱 샴푸 & 컨디셔너 - 라벤더향
1274,스카우츠 아너 프로바이오틱 샴푸 & 컨디셔너 - 허니써클향
1275,스카우츠 아너 프로바이오틱 샴푸 - 라벤더향
1277,스카우츠 아너 프로바이오틱 샴푸 - 허니써클향
1278,스카우츠 아너 프로바이오틱 컨디셔너 - 허니써클향
1279,스카우츠 아너 프로바이오틱 컨디셔너 - 라벤더향
1282,스카우츠 아너 프로바이오틱 데일리 - 디탱글러- 라벤더향
1283,스카우츠 아너 프로바이오틱 데일리 - 디탱글러- 허니써클향
1285,스카우츠 아너 프로바이오틱 데일리 - 데오도라이저-허니써클향
1286,스카우츠 아너 프로바이오틱 데일리 - 데오도라이저-라벤더향
1287,SF 비텐씨액
1288,끼멍끼냥 보태니컬 클린징 스프레이
1289,애니펫 알파독 구강스프레이
1290,애니펫 알파독 아이크리너
1291,애니펫 알파독 이어크리너
1293,뉴벨버드 큐텐 컨디셔닝 샴푸
1297,애니펫 알파독 샴푸&린스 (전견용)
1298,애니펫 알파독 샴푸 & 린스 ( 성견용 )
1299,애니펫 알파독 샴푸 & 린스 ( 어린강아지용 )
1302,애니펫 코엔자임 Q10  애완용 향수 ( 베이비파우더향 )
1303,애니펫 코엔자임 Q10 애완용 향수( 프로랄 향 )
1316,벨버드 비쉬케어 No.09 애견용 샴푸
1317,벨버드 비쉬케어 No.07 애견용 샴푸
1318,벨버드 비쉬케어 No.03 애견용 샴푸
1319,벨버드 비쉬케어 No.61  컨디셔너
1321,앳독 아이로페 가디언 샴푸
1322,앳독 아이로페 프로폴리스 샴푸
1323,앳독 아이로페 베지터블 샴푸
1324,앳독 아이로페 베지터블 컨디셔너
1328,데이스포 세레니티 (단/중모용 샴푸)
1330,프리미엄 에코파워 애견 샴푸&린스
1331,밸버드 비쉬케어 No.41 (자묘용)
1332,밸버드 비쉬케어 No.44 (장묘용)
1333,밸버드 비쉬케어 No.47 (전묘용)
1334,러블리퍼피 애견용 향수(베이비 파우더향)
1336,네이처스힐 모이스처라이징 샴푸
1339,네이처스힐 키튼 샴푸
1340,네이처스힐 롱헤어 샴푸
1343,네이처스힐 디오더라이징 컨디셔너 스프레이(후레쉬 플로랄 머스크)
1348,앳독 버블디아 오트밀 샴푸
1349,앳독 버블디아 이지클린 샴푸
1350,앳독 버블디아 센시티브 스킨 샴푸
1351,앳독 버블디아 베리 투인원 샴푸
1352,앳독 버블디아 스무딩 컨디셔너
1357,자연휴 어린고양이용 샴푸
1362,자연휴 Q10 이어클리너
1363,자연휴 Q10 아이클리너
1365,벨버드 노니 샴푸&린스(전견용)
1366,벨버드 코코넛 샴푸&린스(전견용)
1368,벨버드 비타민 샴푸(전묘용)
1369,벨버드 롱헤어 샴푸(장모묘용)
1370,벨버드 키튼 샴푸(어린고양이용)
1371,벨버드 실키 컨디셔너 스프레이
1372,벨버드 모이스처라이징 컨디셔너 스프레이
1373,앙겔루스 애견용 샴푸 (성견용)
1374,앙겔루스 애견용 샴푸 (어린강아지용)
1376,앙겔루스 고양이 전용 샴푸
1377,앙겔루스 고양이 전용 컨디셔너 스프레이
1378,브룸 젠틀 워시 포 올 브리드
1380,에바끌레르 금 동 샴푸
1381,토탈라이프 센시티브 애견용 샴푸
1382,토탈라이프 애견용 투인원 샴푸 앤 린스
1384,세라모아 프레쉬 미스트
1385,세라모아 스위티 미스트
1386,이오플래닛 애티튜드 펫 미스트
1387,이오플래닛 런웨이 샴푸
1388,이오플래닛 홈바디 샴푸
1389,이오플래닛 캄 펫 미스트
1390,아보카도&올리브오일 오가닉 샴푸 앤 컨디셔너
1393,샤이닝펫 볼륨 샴푸
1394,셀로맥스 뉴트라펫 네츄럴 테라피 샴푸
1400,코코몰리 애견용 샴푸
1404,끼멍끼냥 보태니컬 버블 포밍 샴푸
1405,프리라이프펫 전견용 샴푸 옥수수수염차 향
1406,프리라이프펫 전견용 샴푸 베이비파우더향
1408,에스프리 브라이트 화이트 샴푸
1409,에스프리 브라이트 화이트 캣 샴푸
1412,에스프리 하이포-알러지닉 샴푸
1416,에스프리 레인포레스트 컨디셔너
1417,에스프리 레인포레스트 컬론
1419,에스프리 옵티수드 아이 워시
1420,에스프리 알로에 오트바스 메디케이티드 샴푸
1421,에스프리 다크 코트 알로에 허브 오일 샴푸
1422,에스프리 티트리 앤 알로에 샴푸
1423,에스프리 티 트리 N 알로에 컨디셔너
1424,에스프리 티어 스테인 리무버
1427,에스프리 50:1 도그원 클린 샴푸
1428,에스프리 큐큠버 멜론 샴푸
1429,에스프리 퍼펙트 캄 라벤더 앤 캐머마일 샴푸
1430,에스프리 퍼펙트 캄 라벤더 코론
1431,에스프리 베리 딜라이트 샴푸
1432,에스프리 큐큠버 멜론 코론
1433,에스프리 도기원 클린 미드나잇 미스트 코론
1434,에스프리 실키 쇼 카밍 워터스 코론
1435,에스프리 스트로베리 레몬에이드 코론
1436,에스프리 베리 딜라이트 코론
1438,에스프리 실키 쇼우 캣 컨디셔너
1439,에스프리 퓨어 앤 네츄럴 캣 포밍 샴푸
1440,에스프리 알로에 하이드레이팅 스프레이
1441,에스프리 허니 앤 오트 컨디셔너
1442,에스프리 럭셔리 리모이스쳐라이저
1443,에스프리 밀크 앤 허니 샴푸
1445,에스프리 심플 쉐드 트리트먼트
1446,에스프리 심플 쉐드 앤 스테틱 스프레이
1447,에스프리 에너지 플러스 캣 샴푸
1449,에스프리 퀵 드라이 샴푸
1450,에스프리 클린 이어 트리트먼트
1451,에스프리 핫 오일 트리트먼트
1452,에스프리 대산 핫 스팟 폼
1453,에스프리 운드크림
1454,톡톡 데일리 큐어 에센스
1455,울지마마이펫 악동방지미스트
1456,보비칼 볼러스
1458,끼멍끼냥 보태니컬 볼륨업 샴푸
1459,끼멍끼냥 보태니컬 센스티브 컨디셔너
1460,울지마마이펫 빨간물
1461,끼멍끼냥 보태니컬 센스티브 샴푸
1462,끼멍끼냥 보태니컬 스테이 캅 샴푸
1463,끼멍끼냥 보태니컬 아이 클리너
1464,끼멍끼냥 보태니컬 이어 클리너
1466,끼멍끼냥 보태니컬 화이트 컨디셔너
1467,하이포닉 하이포알러제닉 워터리스 샴푸(무향)
1468,링거펫 수플라이 미스트
1469,이뮤노히트 산
1471,뉴 투투 스무딩 샴푸
1472,SR유황스파
1473,씨피 독패션스파펫스타일리스트컨디셔너
1474,씨피독패션스파샴푸
1475,마이엔젤에센스
1477,포피테라피샴푸
1478,허그미미스트
1479,호호밤
1481,수산용 리소젠타 산
1484,SB 카우라이트 수용산
1485,글루코베타액
1488,메리도그 프리미엄 아트 버블 샴푸
1489,메리도그 프리미엄 인텐시브 프레쉬 컨디셔너
1490,울지마마이펫 찰랑이미스트
1491,뉴바이트-에이디쓰리이 액
1492,피스 앤 카인드니스 스프레이
1493,휴미덤
1494,독스미어 내추럴 귀세정제
1495,독스미어 내추럴 안구세정제
1496,독스미어 내추럴 눈물얼룩지우개
1497,독스미어 내추럴 탈취제(시트러스)
1498,독스미어 내추럴 탈취제(라일락)
1501,넘버원 스파 배쓰 피즈
1504,세띠마후레쉬애견컨디셔너
1506,대체로 맑음 햇님이 반려동물 탈취제
1508,페피테일 헬멧에센스
1509,페피테일 꿀잠에센스
1510,펫다움 로얄 샴푸
1511,이뮤노킹-액
1513,마누카허니 그루밍 미스트
1515,피마자 너리싱밤
1516,아토인에코
1521,크라운로얄 바이오바이트 샴푸 #1 - RTU
1522,크라운로얄 바이오바이트 샴푸 #2 - RTU
1523,크라운로얄 바이오바이트 샴푸 #3 - RTU
1524,크라운로얄 매직터치그루밍스프레이 #1 - RTU
1525,크라운로얄 매직터치그루밍스프레이 #2 - RTU
1528,킹콩샤워 매직 플라워 샴푸
1529,킹콩샤워 쿨 크러쉬 샴푸
1530,독스미어 내추럴 샴푸 (중/장모견용)
1533,메리도그 프리미엄 메디캅 멀티 샴푸
1534,바이트스탑(물음방지제)
1536,펫츠업 프레쉬 이어클리너
1537,펫츠업 수딩밤
1539,더블 볼류마이징 앤 스킨케어
1540,센시티브 스킨 샴푸 포 프리미어 펫
1544,메리도그 프리미엄 해피조이 이어 클리너
1545,메리도그 프리미엄 샤이닝 브라이튼업 샴푸 2in1
1546,메리도그 프리미엄 클라우드 클린업 컨디셔너
1547,메리도그 프리미엄 모이스처 풋 밤
1549,마꾸마꾸 뽀스쁘 살롱 미스트
1550,마꾸마꾸 치카댕 비피더스 치약
1557,릴리안 러프 구강 스프레이
1559,릴리안 러프 오트밀 컨디셔너
1560,릴라러브스잇 퍼스트에이드발삼오인먼트
1561,릴리안 러프 리브 인 컨디셔너 디탱글러
1567,원비-M산
1568,트리올리오 펫 탈취 스프레이
1569,타즈 머드 테라피 포 캐닌
1571,유한 로얄 바이탈 비 산
1573,아이믹스 번식우 산제
1577,에브라함식스 페코케어
1578,심플리독 유 아 마이 선샤인 수퍼 히알론 에센스
1580,실버젠 쿨잇칭 스프레이
1583,도티 제너럴 샴푸
1594,키옴마 128 반려보감 에센스
1596,올 오버 프레쉬 탈취제
1597,워터리스 이지 클렌저
1598,돌로 귀세정제
1600,파담 아쿠아 모이스트 에스II
1601,데일리 케어 마우스 미스트
1602,실키업 올인원 샴푸
1607,뉴 작품 귀 세정제
1608,도티 컨디셔너
1610,세띠마후레쉬애견샴푸
1611,폴카 치약
1612,소황제 해결
1613,메리도그 샤이닝 브라이튼업 샴푸 2인1
1616,파우랩 탈취제
1618,파우랩 이어(귀 세정제)
1620,마이크로신 에이에이치 스킨케어 스프레이
1626,아스코라이트 산
1627,오요요강아지 샴푸 샤인
1628,오요요 강아지 샴푸 퓨어
1630,닥터S 플러스 산
1631,코코플래닛 퍼펙트 리무버
1632,메이드맘탈취제(베이비파우더)
1633,조아나 내추럴 프레쉬 올인원 샴푸
1634,조아나 허브 그린 테라피 샴푸
1635,조아나 허브 그린 멀티 수딩밤
1636,조아나 허브 그린 퍼퓸 미스트
1637,조아나 허브 그린 워터리스 클렌저
1638,메리스쿨 2인1 샴푸
1641,메리도그 뽀드득 치약 (블루베리)
1642,GW 존폴펫오트밀컨디셔닝린스
1643,모멘트원 러블리 펫 버블샤워
1645,PPP 아로마케어 쿨링 허벌 민트 샴푸
1649,PPP 코롱 오브 와일드 오리지날 향수
1650,PPP 코롱 오브 와일드 디자이너 프레쉬 향수
1651,PPP 타리픽 저자극 샴푸
1653,모멘트원 러블리 이어샴푸
1654,모멘트원 러블리 펫캣샴푸
1655,모멘트원 러블리 애견샴푸
1656,PPP 눈물자국 리무버
1659,에너비타-플러스 산
1660,라이소이뮨골드-S 액
1661,교원더오름 더 윤기나는 향기샴푸
1662,하이 비타 산제
1663,펫큐어 카밍 미스트
1666,H2O 하이드레이팅 미스트
1667,스타라인 팩터제로 샴푸
1668,스타라인 피니싱 스프레이
1671,마라피키 케어밤 리커버
1676,브이비펫 탈취제
1678,버블 부들 워터리스 샴푸
1680,구독 반려동물전용탈취제 후로랄피치향
1681,프로베티 에센스 덴티
1682,프로베티 포인트 워시
1687,엘레강스 워터리스 워시
1688,엘레강스 이어크리너
1689,하이포닉 모이스처 미스트(은은한 향)
1690,패스케어 리치온 미네랄 퓨어 샴푸
1692,패스케어 리치온 미네랄 베리어 미스트
1693,미맥스-디에이치 산
1695,미피도 롱헤어 샴푸 (모든 애견용)
1696,미피도 숏헤어 샴푸 (모든 애견용)
1697,미피도 하이제나이징 샴푸 (모든 애견용)
1699,미피도 내츄럴 컨디셔너 (모든 애견용)
1700,미피도 마우스워시 스프레이 (모든 애견용)
1703,비안코이탈리아 오가닉 아르간 에센스
1705,메리도그 풋 버블 클리너
1706,펫츠업 수딩 미스트
1707,펫츠업 프레쉬 샴푸
1708,펫츠업 프레쉬 마우스 워시
1710,이화 이뮤자임산
1711,올가닉 파워 시리즈산
1712,티어리스 & 카밍 강아지(퍼피) 샴푸
1713,티어리스 & 카밍 아기고양이(키튼) 샴푸
1714,수딩 라벤더 & 캐모마일 오가닉 샴푸
1715,모이스쳐라이징 티트리오일 & 페퍼민트 오가닉 샴푸
1716,키옴마128 반려보감 탈취제
1719,보우들 아로마 테라피 미스트 라벤더&코코넛
1722,보우들 아로마 테라피 샴푸 유칼립투스
1724,KNZ 멀티블록
1727,카모진 액
1728,토니펫 노린스 헤어&풋 폼 클렌저
1730,강아지스토리 포인원 모이스처 미스트
1731,닥터 베킨스 워터리스 샴푸
1732,윤끼 에센스 샴푸
1733,키블펫 실키 코트 그루밍샴푸 꿀&알로에베라
1734,키블펫 실키 코트 그루밍 샴푸 - 바닐라&엠버
1735,키블펫 실키 코트 컨디셔너 - 꿀&알로에베라
1736,키블펫 실키 코트 컨디셔너 바닐라&호박향
1739,에코나인 중대형견용 샴푸
1742,스위티 버블 백모용 샴푸 온리 화이트닝
1744,에너비타 산
1745,에코나인 향수(스위트시트러스)
1750,네추럴스 포 그린 그루밍 너리쉬 펫 컨디셔너
1751,네추럴스 포 그린 그루밍 소이 프로틴 펫 샴푸
1752,쇼시즌 디탱글 스프레이
1753,에코나인 편백수 미스트(반려동물용)
1754,네추럴스 포 그린 그루밍 에션셜 펫 샴푸
1755,에코나인 편백수 귀세정제(반려동물용)
1756,이뮤노-에스 산
1758,에너비스 펫 탄산정 그린
1763,에너비스 펫 탄산정 핑크
1764,수산용 멀티비타 액
1768,휘슬 퓨어 모이스트 컨디셔닝 미스트
1771,프렌독 물 없이 쓰는 프리미엄 버블 샴푸
1772,덴탈테라피 포 매너
1776,에티튜드 퍼리프렌즈 네츄럴 화이트코트 브라이트너 샴푸 코코라임
1777,위브 버블샤워샴푸(전견용)
1778,위브 버블샤워샴푸(자견용)
1782,맥시칙 프리믹스 산제
1783,벌스크리스탈 펫 샴푸 (중/장모견용)
1784,벌스크리스탈 펫 샴푸 (단모견용)
1786,와일드와시 펫 컨디셔닝 샴푸
1788,잠보아 더마컴 데오도란트 (베이비파우더)
1789,잠보아 더마컴 아톱 샴푸
1790,잠보아 더마컴 데오도란트 (자몽)
1791,잠보아 더마컴 이어 클리너
1792,잠보아 더마컴 플라그리스
1800,에티튜드 퍼리프렌즈 네츄럴 수딩오트밀 샴푸 블라썸&파우더
1801,에티튜드 퍼리프렌즈 네츄럴 수딩오트밀 샴푸 무향
1802,에티튜드 퍼리프렌즈 네츄럴 샤이니코트 컨디셔너 블라썸&파우더
1803,에티튜드 퍼리프렌즈 네츄럴 데오도라이징 컨디셔너 블라썸&파우더
1804,에티튜드 퍼리프렌즈 네츄럴 수딩오트밀 컨디셔너 블라썸&파우더
1805,GW 존폴펫수퍼브라이트샴푸
1806,GW 존폴펫오트밀샴푸
1807,GW 존폴펫티어레스퍼피앤키튼샴푸
1809,GW 존폴펫라벤더민트샴푸
1813,럭셔리독샴푸앤컨디셔너인원_로즈앤세이지
1814,내추럴트리 화이트닝 삼푸린스
1815,내추럴트리 부드러운모발 삼푸린스
1816,코트 스프레이 제라늄 로즈 세이지
1817,럭셔리독샴푸앤컨디셔너인원_아미리스 시더우드
1818,럭셔리독샴푸앤컨디셔너인원_오가닉 E.V 올리브오일
1819,럭셔리독샴푸앤컨디셔너인_라벤더 캐모마일
1820,럭셔리독샴푸앤컨디셔너인원_코코넛 파파야
1821,럭셔리독샴푸앤컨디셔너인원_오렌지 넛메그
1822,치 포 독스 드라이 프로텍티브 히트 스타일링 로션
1823,독 마사지 오일 아보카도
1825,쿠쿤버 독 훼이셜 스크럽
1826,럭셔리독샴푸앤컨디셔너인원_허니써클 자스민
1827,럭셔리독샴푸앤컨디셔너인원_유칼립투스앤페퍼민트
1829,코트 스프레이 올리브 오일 디탱글링
1830,치 포 독스 안티잇치 샴푸
1831,치 포 독스 볼류마이징 스프레이
1832,치 포 독스 데오도라이징 스프레이
1833,치 포 독스 쉐딩 컨트롤 샴푸
1834,치 포 독스 드라이 프로텍티브 히트 스타일링 폼
1836,와일드와시 펫 퍼피 러브 샴푸
1837,내추럴트리 지속적인 향 삼푸린스
1838,내추럴트리 저자극 삼푸린스
1840,코트 스프레이 유칼립투스 페퍼민트
1841,코트 스프레이 코코넛 파파야
1842,켄코케어 마우스 클리닝 젤
1843,냥코케어 마우스 클리닝 젤
1844,독 마사지 오일 제라늄 세달우드
1845,코트 스프레이 아미리스앤시더우드
1846,코트 스프레이 인디안 팔마로사
1848,코트 스프레이 오렌지 넛메그
1849,아로마파우 이어 워시
1850,"페이스, 코트 앤 포우 워시"
1851,와일드와시 펫 시니어 샴푸
1852,와일드와시 펫 펄펙트 캣 샴푸
1853,포우 컨디셔닝 트리트먼트
1854,치 포 독스 디탱글링 피니싱 스프레이
1855,치 포 독스 티어리스 퍼피 샴푸
1856,치 포 독스 오트밀 샴푸
1857,치 포 독스 딥 모이스쳐샴푸
1858,치 포 독스 드라이 샴푸
1859,치 포 독스 워터리스 샴푸
1860,치 포 독스 오트밀 컨디셔너
1862,비고믹스-골드 산
1864,독 마사지 오일 커레인더
1865,독 마사지 오일 세이지
1866,독 마사지 오일 라벤더
1867,독 마사지 오일 오렌지
1868,독 마사지 오일 레몬그라스 앤 님
1870,독 마사지 오일 팔마로사
1871,독 마사지 오일 아미리스 앤 세달우드
1872,아쿠아 톱비타 산
1874,바이앤펫 구강 청결제
1875,바이앤펫 덴탈 클리닉
1876,케미텍 구루머 구강 청결제
1878,바이앤펫 이어크리너
1879,케미텍 구루머 눈물자국지우개
1880,케미텍 구루머 안구세정제
1881,바이앤펫 안구세정제
1882,케미텍 구루머 은나노 탈취제 라벤더
1883,케미텍 구루머 은나노 탈취제 베이비파우더
1884,바이앤펫 탈취제 라벤더향
1885,바이앤펫 탈취제 베이비파우더향
1888,케미텍 구루머 제너럴 샴푸
1892,케미텍 구루머 화이트 샴푸
1893,바이앤펫 화이트 샴푸
1898,케미텍 구루머 고양이 샴푸
1899,에코스텝 애완견 샴푸
1902,라푸푸 퓨어 내추럴 실키 도그 트리트먼트
1903,라푸푸 퓨어 내추럴 도그 샴푸
1904,퓨라네츄럴스펫 아기고양이샴푸
1906,보쥴 아로마테라피 미스트 프레시허브
1907,보쥴 아로마테라피 미스트 릴렉싱 라벤더
1908,에코리치 나이팅게일 탈취제
1910,베타자임 아쿠아 산
1911,비타민 올인원 샴푸 포 펫
1913,사우스박 블루베리 페이셜 펫 샴푸
1914,볼라디 수용산(사카로마이세스보울라디)
1915,쇼시즌 울트라 84:1 펫 샴푸 농축액
1916,사우스박 블루베리 코코넛 펫 폼
1917,에너비스 펫 탄산미스트
1919,데크라 에피클린 이어클린져
1920,펫 후레쉬 스프레이(애견용)
1921,펫 후레쉬 스프레이(애묘용)
1922,닥터 토토 버블 펫 클렌져
1923,"트로피크린 후레쉬브레스 클린티쓰 오랄케어 젤(베리후레쉬,바닐라민트,피넛버터)"
1924,시브리즈 오일
1925,샤인 앤 콤
1927,라미나로프 펫 솔트입욕제 레드
1928,라미나로프 펫 솔트입욕제 블루
1930,네츄럴메디 오랄케어 겔
1932,아인솝 하이드로졸귀세정제
1933,라미나로프 펫 실키 미스트
1934,라미나로프 펫 수딩로션
1935,라미나로프 펫 마사지 오일
1936,라미나로프 펫 안디로밤
1937,라미나로프 펫 눈물자국지우개
1938,꼬뱅이 펫트리 실크 헤나 트리트먼트
1939,꼬뱅이 펫트리 퓨어 헤나 샴푸
1940,꼬뱅이 펫트리 퍼퓸 헤나 샴푸
1945,메가존 플러스 산 (바실러스 서브틸리스)
1946,코튼캔디 워터리스 버블폼
1947,스킨피스 No.1 딥클렌징 샴푸
1948,스킨피스 No.7 지성피모용 퓨리파잉 샴푸
1949,스킨피스 No.8 피모 헬씨 샴푸
1950,스킨피스 No.15 민감성 피모헬씨 샴푸
1951,스킨피스 No.18 순한 데일리 수딩 샴푸
1952,스킨피스 No.29 건성피모용 리페어 샴푸
1953,스킨피스 No.20 고양이 전용 수딩 샴푸
1954,이리나테라피 마카다미아오일 샴푸
1955,이리나테라피 코코넛오일 샴푸
1956,이리나테라피 티트리오일 샴푸
1960,울지마마이펫 프리미엄 멀티밤 (모이스처밤 버전)
1962,울지마마이펫 프리미엄 마사지오일
1963,울지마마이펫 비단결미스트
1964,보고누피 에센셜 탈취제 (라벤더)
1966,힘쎈 아쿠아 산제
1967,프라펫 퍼펙트 미스트
1968,보고누피 귀세정제
1969,보고누피 아이발 클리너
1970,슈퍼벳 스킨수딩 스프레이
1971,슈퍼벳 포포우 스프레이
1973,슈퍼벳 세라마이드 컨디셔너 스프레이
1974,슈퍼벳 내추럴 이어클리너
1975,보고누피 아이눈물자국 지우개
1976,보고누피 아이피모 스프레이 (라벤더)
1977,보고누피 아이피모 스프레이 (시나몬)
1978,보고누피 아이피모 스프레이 (안젤리카)
1979,보고누피 구중 스프레이
1980,보고누피 덴탈케어 치약
1981,보고누피 바르는 치약
1983,메리도그 풋 울트라 밤 (하드)
1984,보고누피 제너럴 샴푸&린스
1985,보고누피 퍼피 샴푸&린스
1986,보고누피 화이트 샴푸&린스
1987,골든-양돈용 2호 플러스 산
1988,도도나-천연 샴푸&린스
1989,캐니살롱삼푸
1990,캐니살롱 드라이삼푸
1991,패밀리랩 덴탈테라피 치약
1992,패밀리랩 딥클렌징테라피 샴푸
1993,패밀리랩 단백질테라피 샴푸
1995,더소이 오가닉 아이워시
1996,펫 포유 마유 샴푸
2000,더자연 펌핑치약 (소고기맛)
2001,더자연 펌핑치약 (오리고기맛)
2002,더자연 펌핑치약 (닭고기맛)
2003,퓨어랩 크림 버블 샤워
2005,위드빙고 샴푸 롱코트
2006,위드빙고 샴푸 숏코트
2007,위드빙고 샴푸 컬리코트
2008,위드빙고 샴푸 화이트코트
2009,꽃휴 스킨
2012,엘리마망 캐스틸솝 아로마 샴푸
2013,엘리마망 캐스틸솝 프리미엄 샴푸
2014,퓨라네츄럴스펫 라벤더아기강아지샴푸
2015,퓨라네츄럴스펫 민감성샴푸
2016,퓨라네츄럴스펫 라벤더&카모마일샴푸
2017,퓨라네츄럴스펫 순한 샴푸
2019,퓨라네츄럴스펫 티트리&페퍼민트샴푸
2020,퓨라네츄럴스펫 라벤더컨디셔너
2021,퓨라네츄럴스펫 티트리 & 페퍼민트 컨디셔너
2022,퓨라네츄럴스펫 스프레이 컨디셔너
2025,다원 바이오스 산
2031,수산용 이뮨플러스 산
2032,하이브로 아쿠아 엑스 산
2035,마꾸마꾸 튼튼밤
2036,독스미어 플라워 테라피 작약꽃 퍼퓸 샴푸
2037,독스미어 플라워 테라피 라벤더 퍼퓸 샴푸
2038,독스미어 플라워 테라피 벚꽃 퍼퓸 샴푸
2039,독스미어 플라워 테라피 쟈스민 퍼퓸 샴푸
2040,독스미어 플라워 테라피 카렌듈라 퍼퓸 샴푸
2041,독스미어 플라워 테라피 어성초 퍼퓸 샴푸
2042,인터코스 애견샴푸
2043,울지마마이펫 뉴멀티밤
2044,울지마마이펫 뉴마사지오일
2045,삼안 도그바스 샴푸
2046,아르르 푸푸 스프레이
2049,인터펫 아로마샤워 샴푸(퍼피)
2052,수산용 슈퍼라제 산
2053,수산용 도아라제M 플러스 산
2056,네오비타린칼-골드 펠릿
2057,네오비타린칼 산
2058,린칼 부록
2061,녹수 베타인액
2062,볼라디 산(사카로마이세스보울라디)
2063,울지마마이펫 찰랑이삼푸
2066,시리우스 그룸 푸들 전용 샴푸
2067,어퓨 마이 펫 올인원 샴푸
2068,빅그린 네츄럴 센시티브 오트밀 도그 샴푸 앤 컨디셔너
2069,독스미어 아토 바디크림
2070,수산용 바실라제 산제
2071,하이브로 아쿠아 산
2072,윱! 볼류마이징 샴푸- 가정용
2074,시리우스 그룸 말티즈 전용 샴푸
2076,프리미어 펫 내츄럴 샴푸
2077,애슐리크레이그 클린즈 플러스 샴푸
2078,로비믹스 HGC산제
2081,개 하얀 린스 베이비파우더향
2082,개 하얀 린스 바닐라향
2089,잠보아 더마컴 아톱 세라부스터
2090,잠보아 더마컴 논슬립밤
2096,쥬뗌펫 귀세정제
2097,쥬뗌펫 눈물자국세정제
2098,쥬뗌펫 피모스프레이
2100,녹수 비타씨플러스 산제
2102,DS 비타 믹스(HE) 산제
2103,수소 펫 샴푸
2109,릴라러브스잇 안티탱글링 스프레이
2115,메리도그 엔젤스 아이클리너
2116,메리도그 해피조이 이어클리너
2120,님&그린티 샴푸
2121,오트&바오밥 샴푸
2122,오트밀&아보카도 컨디셔너
2123,라세시앙 캣스 프리미엄 에센스 미스트
2124,라세시앙 캣스 프리미엄 샴푸
2125,라세시앙 캣스 프리미엄 워터리스 워시
2128,로얄 비오비타 수용산
2132,메리도그 클라우드 클린업 컨디셔너
2138,24KT 스파클 스프레이
2139,퍼펙트 Ig 현탁액
2140,스누피 리브인 컨디셔닝 스프레이
2141,스누피 워터리스 드라이삼푸
2142,스누피 티어리스 퍼피삼푸
2143,스누피 안티이츠삼푸
2144,스누피 쉐드컨트롤삼푸
2145,스누피 오트밀삼푸
2146,스누피 보습 화이트닝삼푸
2147,워터리스 안심 동물 발 세정제
2148,카로락-R 산
2149,카로락-G 산
2150,헬시업 비타미네 산제
2151,헬시업 비타미네 골드 산제
2152,리바벡스 액
2153,스타빅 EC 산
2154,에프앤씨 오트밀 앤 베이킹소다 컨디셔너 15:1
2155,에프앤씨 센티드 크림 린스
2156,에프앤씨 메디클린 메디케이티드 샴푸
2157,에프앤씨 오트밀 앤 베이킹소다 컨디셔너
2158,에프앤씨 오트밀 앤 베이킹소다 샴푸
2159,에프앤씨 센티드 크림 린스 7:1
2160,에프앤씨 오트밀 앤 베이킹소다 샴푸 10:1
2161,에프앤씨 티어리스 샴푸
2162,에프앤씨 오리지날 센티드 펫 샴푸
2163,에프앤씨 투인원 베이비 파우더 센트 컨디셔닝 샴푸
2164,에프앤씨 투인원 오트밀 컨디셔닝 샴푸
2165,에프앤씨 투인원 오리지날 센티드 컨디셔닝 샴푸
2166,스나웃 수더
2167,쁘띠 펫 덴탈케어
2171,파우케어 미네랄 베이스 샴푸
2172,파우케어 미네랄 베이스 에센스
2174,아이지모아(산제)
2175,스템모어 마일드샴푸
2176,버블 I 530 샴푸
2177,I 조아 450 샴푸
2179,마우로 펫 케어 에센셜 엘레멘트 샴푸 러스트로스 포뮬러
2182,파우 텍션
2183,파우 수더
2184,퍼마졸 골드 과립
2185,글로스타 산
2187,오티퓨어액
2191,나우 헬스킹 수용산
2192,비타하이 AD3ECK 액
2193,사이언스 비콤액
2194,골든 파워튼튼 산
2199,아인솝 펫아이워시
2201,깨끗하개 레몬 탈취제
2204,라이소이뮨골드 액
2205,V-LAB 워터리스 풋 클렌저
2206,고양이 N 마따따비 스프레이
2207,비타이젤 액
2208,워터리스309발세정제
2210,펫프리미엄내츄럴샴푸
2211,탄탄밤
2212,그룸 프로페셔널 쇼독 매직 미스트 스프레이
2213,아이지콜-펫 산
2214,퍼마졸 액
2215,SJM산란계산
2216,SJM육계산
2218,축우용 골든탑-牛(우)산
2219,가이아로 스파 샴푸
2222,미러클케어 R-7 이어 클리너
2223,도도나-네츄럴 샴푸
2224,도도나 비-벤 네츄럴 샴푸
2225,페슬러 실키 버블 실키 코트
2226,페슬러 실키 버블 러쉬 코트
2227,페슬러 실키 버블 제너럴 코트
2228,페슬러 실키 버블 베이비 코트
2229,애니멀베다 허브팩- 피토핼스 스킨케어
2230,애니멀베다 허브팩 센시티브 스킨케어
2232,에너비스 펫 탄산파우더
2233,SW 비타파워 산제
2234,파워맥스-비 산
2236,더 블리스풀 독 심플리 클린 이어 클렌져
2237,암앤해머 어드밴스드케어 후레쉬브레쓰 앤 화이트닝 투쓰페이스트 투쓰브러쉬 앤 핑거브러쉬
2238,암앤해머 어드밴스드케어 타르타컨트롤 투쓰페이스트 투쓰브러쉬앤 핑거브러쉬 세트 포 올 독스
2239,암앤해머 어드밴스드케어 덴탈 키트 포 캣츠
2240,암앤해머 어드밴스드 케어 덴탈 린스 포 어덜트 독스 타르타 컨트롤
2241,암앤해머 어드밴스드케어 프레쉬 브레쓰 치킨 브레쓰 드롭스 포 펫
2242,암앤해머 어드밴스드케어 덴탈 스프레이/프레쉬브레쓰&화이트닝
2243,암앤해머 어드밴스드 케어 덴탈 워터 애디티브 프레쉬 브레쓰 & 화이트닝
2244,암앤해머 어드밴스드 케어 덴탈워터 애디티브 포 캣츠
2245,암앤해머 어드밴스드 케어 덴탈스프레이 포 캣츠
2246,에티튜드 퍼리프렌즈 네츄럴 데오도라이징 샴푸
2247,에티튜드 퍼리프렌즈 네츄럴 샤이니코트 샴푸
2248,에티튜드 퍼리프렌즈 네츄럴 화이트코트 브라이트너 샴푸
2249,에티튜드 퍼리프렌즈 네츄럴 수딩오트밀 샴푸
2252,아이믹스 송아지용 산제
2253,아이믹스 육성비육 산제
2254,아이믹스 큰소전기 산제
2255,아이믹스 큰소후기 산제
2256,아이믹스 임신우 산제
2257,프롬펫 ? 버블샤워
2261,DA-Aqua Aqua 비타민 프리믹스
2262,DAM-A Poultry 미네랄 프리믹스
2263,DAM-B Duck 미네랄 프리믹스
2264,DAM-C PigGrower 미네랄 프리믹스
2265,DAM-D Dog 미네랄 프리믹스
2266,DAM-G PigFinisher 미네랄 프리믹스
2267,DAM-H Shrimp 미네랄 프리믹스
2268,DAM-I Fish 미네랄 프리믹스
2269,DAV-1 Layer 비타민 프리믹스
2270,DAV-2 Duck 비타민 프리믹스
2271,DAV-3 PigGrower 비타민 프리믹스
2272,DAV-4 Dog 비타민 프리믹스
2273,DAV-5 Broiler 비타민 프리믹스
2274,DAV-6 Breeder 비타민 프리믹스
2275,DAV-7 PigFinisher 비타민 프리믹스
2276,DAV-8 Shirimp 비타민 프리믹스
2277,DAV-9 Fish 비타민 프리믹스
2279,코코독 네이쳐그린 바나나 샴푸
2280,코코독 네이쳐그린 블루베리 샴푸
2281,코코독 네이쳐그린 자몽 샴푸
2282,코코독 네이쳐그린 알로에 샴푸
2283,펫 에스테 칼라복원 시스템 믹스 칼라 샴푸
2284,이뮤노맥스 액
2285,이뮤노맥스 첨가제
2286,프루너스 닥터 딥 클렌징폼
2287,프루너스 스킨베리어 솔루션
2288,도도나 비-벤 케어
2289,오스 시리우스 보습 미스트
2290,아쿠아 글루톤신 산
2291,무스코코 워터리스 발 세정제
2295,쁘띠 펫 바르는 치약
2297,쁘띠 펫 눈물얼룩 제거제
2299,도로시펫샴푸
2300,애슐리크레이그 와우 얼티메이트 코트 인헨서 스프레이
2301,애슐리크레이그 와우 안티 스테이트 앤 그루밍 스프레이
2302,벳 오가닉스 에코 이어스
2303,닥터하비스 허벌 이어 워시
2305,닥터하비스 허벌 프로텍션 샴푸
2308,크레이지 리버티 헤어 칼라 다이 - 클리어업
2309,라세시앙 독스 퍼퓸 샴푸
2310,라세시앙 독스 퍼퓸 컨디셔너
2311,라세시앙 독스 퍼퓸 워터리스 워시
2315,펫 에스테 딥 씨워터
2316,펫 에스테 비비드칼라 빨강색
2317,펫 에스테 비비드칼라 분홍색
2318,펫 에스테 비비드칼라 주황색
2319,펫 에스테 비비드칼라 노랑색
2320,펫 에스테 비비드칼라 초록색
2321,펫 에스테 비비드칼라 파랑색
2322,펫 에스테 비비드칼라 보라색
2323,펫 에스테 칼라 리무버
2324,펫 에스테 칼라 프로텍트 크림
2325,펫 에스테 칼라복원 시스템 컨디셔너
2329,펫 에스테 칼라복원 No.1 검정색
2330,펫 에스테 칼라복원 No.2 청회색
2331,펫 에스테 칼라복원 No.3 은색
2332,펫 에스테 칼라복원 No.4 갈색
2333,펫 에스테 칼라복원 No.5 진갈색
2334,펫 에스테 칼라복원 No.6 적갈색
2335,펫 에스테 칼라복원 No.7 살구색
2336,펫 에스테 칼라복원 No.8 금색
2337,펫 에스테 칼라복원 No.9 크림색
2338,펫 에스테 칼라복원 No.10 황갈색
2339,펫 에스테 칼라복원 무색
2340,바이오맥스 프로산
2341,마데카쓰 겔
2342,그룸 프로페셔널 쇼독 컷 어보브 시저링 스프레이
2343,"엔비바 프로 201 케이알, 바실러스 서브틸리스 산"
2344,펫 에스테 칼라복원 시스템 블랙 샴푸
2345,펫 에스테 칼라복원 시스템 브라운 샴푸
2346,펫 에스테 칼라복원 시스템 초콜렛 샴푸
2347,펫 에스테 칼라복원 시스템 골드 샴푸
2350,펫 에스테 오드 뜨왈렛 해피 타임
2351,펫 에스테 오드 뜨왈렛 럭키 타임
2352,펫 에스테 오드 뜨왈렛 프레쉬 타임
2353,펫 에스테 원터치 클린(포움 샴푸) 포 독스 앤 캣츠
2354,펫 에스테 비비드칼라 무색
2355,펫 에스테 비비드칼라 검정색
2356,펫 에스테 비비드칼라 진회색
2357,펫 에스테 비비드칼라 회색
2358,서울-원비파워 산
2359,펫에스테 아로마틱 오일 No. 1
2360,펫 에스테 아로마틱 오일 No. 2
2361,펫 에스테 아로마틱 오일 No. 3
2363,펫 에스테 아로마틱 오일 No. 5
2364,펫 에스테 아로마틱 오일 No. 6
2365,아인솝 펫트리트먼트
2366,아인솝 펫샴푸
2367,구독 버블 부드러운 모발 샴푸
2368,구독 버블 샴푸&린스 겸용 샴푸
2369,구독 버블 화이트닝 샴푸
2370,구독 버블 딥클렌징 샴푸
2374,레이디벨 귀 세정제
2375,오스시리우스 샴푸&린스 투인원
2376,플러쉬퍼피 딥 클렌징 샴푸
2377,하이포닉 하이포알러제닉 워터리스 샴푸(고양이용)
2379,정명 디텡글링 엉킴방지 샴푸
2380,정명 메디케이티드 앤티박테리얼 샴푸
2381,정명 스킨수딩 샴푸
2385,아르르 촉촉밤
2386,쏘아베 애견용 짖음교정 스프레이
2395,초커스트럴
2396,싯 앤 스테이
2397,마이블리 위치하젤 수딩&클린 폼
2398,마이블리 네틀샴푸
2400,퍼피러브 오가닉 덴탈케어오일
2401,퍼피러브 오가닉 이어 트리트먼트
2402,퍼피러브 아로마 힐링포인트
2403,토코셀레늄 산
2405,윱! 인텐시브 오일-전문가용
2406,스파크뷰티 탄산 타블렛 강아지용 숲속향
2407,스파크뷰티 탄산 타블렛 강아지용 사쿠라향
2408,모돈미네랄2 산
2409,엠케이비타C산 (비타민C)
2413,윱! 차나무 앤 님 오일 샴푸
2415,윱! 차나무 앤 님 오일 샴푸-전문가용
2416,윱! 민감성 피모 앤 퍼피 샴푸
2417,윱! 민감성 피모 앤 퍼피 샴푸-전문가용
2418,윱! 디탱글링 컨디셔너
2419,윱! 디탱글링 컨디셔너-전문가용
2422,피도 에브리데이 샴푸
2423,피도 크리미 컨디셔너
2424,오스시리우스 2in1 샴푸
2426,울지마마이펫 마사지오일
2427,바이탈린 구강스프레이
2428,오스 시리우스 트리트먼트 미스트
2429,수산용 비타 자임 (산제)
2430,러블리즈 탈취제
2431,알잘라-D 산제
2432,쥬아펫내츄럴힐링샴푸
2433,쥬아펫에너지샤인샴푸
2435,독앤캣라이프디자인 아로마솔트입욕제
2436,애니멀베다허브팩- 모이스쳐뷰티케어
2437,더 블리스풀 독 더티 도그 샴푸
2438,아쿠아 엠지스트
2439,로비믹스 S-A 산제
2440,로비믹스 S-C 산제
2441,로비믹스 S-B 산제
2442,맥시-카우 산제
2443,로비믹스 1000 산제
2444,로비믹스 HS 1-1 산제
2445,로비믹스 HS 1-3 산제
2446,로비믹스 HS-5 산제
2447,헬시업 카우 산제
2448,더 블리스풀 독 샤인온 코트 스프레이
2449,비오쓰리 S-1 수용산
2450,에임 고농축 쟈스민 향기 탈취제
2451,에임 보습 그루밍 미스트
2452,루미넌트 스페셜 산제
2453,에임 고농축 쟈스민 향기 샴푸
2456,돈 보다 워리 알렌 하이드레이팅 젤
2457,돈 보다 워리 알렌 하이드레이팅 크림
2458,오스시리우스 단모용 샴푸
2459,오스시리우스 단모용 컨디셔너
2462,유니 아쿠아 EC 산제
2464,악스트라 파이 25000지 과립 (피타아제)
2465,더 블리스풀 독 리치 비치 도그 샴푸
2466,더 블리스풀 독 젠틀 터치 도그 샴푸
2467,더 블리스풀 독 바디 앤 바운스 도그 샴푸
2468,더 블리스풀 독 바이바이 부부 도그 샴푸
2469,더 블리스풀 독 바이바이 부부 도그 스프레이
2470,글루비타민 헬스 산
2472,바이탈 포르테 액제
2473,마이블리 위치하젤 스킨앤코트 미스트 - 라벤더
2474,마이블리 위치하젤 스킨앤코트 미스트 - 로즈
2476,본다이 워시 도그 워시
2477,본다이 워시 도그 컨디셔너
2478,정명 오트밀 샴푸
2479,정명 하이포우 앨러제닉 샴푸
2480,정명 프리미엄 샴푸
2481,정명 퍼피 샴푸
2482,정명 래디언트 화이트 샴푸
2483,정명 스프레이온 워터리스 샴푸
2484,아쿠아-엑셀 산
2485,수산용 뉴트로피쉬 IM산
2486,이화 모아에그 플러스산(수출용)
2487,비타브리드 펫 샴푸
2488,몰리스 키토산 탈취제
2490,본다이 워시 드라이 도그 워시
2491,양돈 비타-10 산제
2492,에프앤씨 스노이코트 화이트닝 샴푸 3:1
2493,더마독 그린인텐스 샴푸
2494,더마독 이지클린폼
2495,휴미풀베이트 액제
2497,샤이닝펫 실키 헤어 디탱글러
2503,화이트 머스크 데일리 프래그런스
2504,화이트 머스크 컨디셔닝 샴푸
2505,헬로도기 풋 거품 샴푸(푸리메리아향)
2509,네츄럴 센츠 데저트 아가베 코롱
2511,네츄럴 센츠 투스칸 올리브 코롱
2512,네츄럴 센츠 핑크 자스민 코롱
2513,네츄럴 센츠 레몬그라스 앤 버베나 샴푸
2514,네츄럴 센츠 데저트 아가베 샴푸
2516,네츄럴 센츠 투스칸 올리브 샴푸
2517,비테라이트산
2518,프롬펫 ? 허브 약용샴푸(탈모방지)
2519,프롬펫 ? 너싱 샴푸
2520,이화톡신 플러스액(수출용)
2521,헤모피쉬산
2522,훼스크린(산제)
2523,카모마일 아이크리너
2524,프롬펫 ? 너싱 모이스쳐라이저
2525,"프롬펫 ? 허브 약용샴푸(이,벼룩방지)"
2526,"프롬펫 ? 허브 약용샴푸(비듬,피부보호)"
2527,애니멀베다 허브팩 샴푸
2528,가이아로 비비라벨 트리트먼트
2529,프롬펫 ? 허브 샴푸&컨디셔너(모든개용)
2530,프롬펫 ? 허브 샴푸&컨디셔너(어린개용)
2531,프롬펫 ? 허브 샴푸&컨디셔너(흰개용)
2532,프롬펫 ? 허브 샴푸(모든개용)
2533,프롬펫 ? 허브 컨디셔너(모든개용)
2534,프롬펫 ? 허브 자묘용 샴푸&컨디셔너
2535,프롬펫 ? 허브 성묘용 샴푸&컨디셔너
2536,프롬펫 ? 허브 고양이 헤어볼 샴푸
2537,캐니바쓰 클록시딘삼푸
2538,프롬펫 ? 데오드란트(자스민향)
2539,프롬펫 ? 데오드란트(베이비파우더향)
2540,프롬펫 ? 데오드란트(허브향)
2541,프롬펫 ? 코롱스프레이(베이비파우더향)
2542,프롬펫 ? 코롱스프레이(복숭아향)
2543,프롬펫 ? 코롱스프레이(백합향)
2544,프롬펫 ? 워터리스 샴푸(베이비파우더향)
2545,프롬펫 ? 구강청정제
2546,프롬펫 ? 귀세정제
2547,프롬펫 ? 눈물얼룩지우개
2548,프롬펫 ? 안구세정제
2549,네이처스케어 상큼달달 샴푸
2550,네이처스케어 반짝반짝 컨디셔너
2551,네이처스케어 타임 미스트
2552,네이처스케어 캐모마일 미스트
2553,네이처스케어 로즈마리 미스트
2554,네이처스케어 라벤더 미스트
2557,어스배스 오트밀 앤 알로에 린스
2560,로라 앤드 맥스 펫 샴푸
2561,펫에스테 프로페셔널 샴푸 포 롱 헤어드 독스 앤 컨디셔너 미니 트라이얼 세트
2562,펫에스테 프로페셔널 샴푸 포 미디움 앤 숏 헤어드 독스 앤 컨디셔너 미니 트라이얼 세트
2563,펫에스테 스파 머드 제너럴 샴푸  앤 스파 머드 컨디셔너 미니 트라이얼 세트
2564,펫에스테 스파 수퍼 화이트 샴푸 앤 스파 머드 컨디셔너 미니 트라이얼 세트
2565,수산용 아이비타산
2566,캐니바쓰마데카쓰삼푸
2567,아스페롤 EC산
2568,수산용 바이씨 150산 (아스코르브산 150g)
2569,더 블리스풀 독 에이지 웰 도그 아로마테라피 롤온
2570,더 블리스풀 독 에이지 웰 도그 아로마테라피 스프레이
2571,더 블리스풀 독 포커스 도그 아로마테라피 롤온
2572,더 블리스풀 독 포커스 도그 아로마테라피 스프레이
2573,캐니바쓰오트밀삼푸
2575,네이처스케어 살랑살랑 샴푸
2576,네이처스케어 생기발랄 샴푸
2577,네이처스케어 알콩달콩 샴푸
2578,홀리데이테이블 디어 펫
2579,에어쉐이크 펫 프레쉬
2580,이어클리닉 M
2582,펫 에스테 퓨오데이 내츄럴 머드
2583,수산용 비트린산
2584,바이오애시드산제
2588,글로벌 바이-C 95산
2589,로얄-미네 산
2590,액티보린 액
2591,펫에스테 아로마틱 배스 솔트 로우즈 센트
2593,펫에스테 아로마틱 배스 솔트 라벤더 센트
2594,펫에스테 아로마틱 배스 솔트 페퍼민트 앤 로우즈메리 센트
2595,펫에스테 아로마틱 배스 솔트 머스크 멜로우 센트
2596,펫에스테 아로마틱 배스 솔트 코코넛 앤 바닐라 센트
2597,스니프 티트리 탈취제
2598,몰리스 식수에 타서 먹는 구강청정제
2599,"몰리스 손,발 피부 위생 세정제"
2600,몰리스 간편 대소변 유도제
2601,몰리스 마타타비 고양이 평온제
2607,수산용 도아라제 양만용
2608,양봉용 하니비타 산
2609,"몰리스 이,벼룩,진드기 구제 샴푸"
2610,몰리스 물없이 쓰는 샴푸
2611,스니프 꾸뛰르 샴푸
2612,몰리스 고농축 쟈스민 향기 샴푸
2614,몰리스 산책 전ㆍ후 탈취제
2615,까만코블랙
2616,까만코브라운
2617,스니프 센서티브 페퍼민트 샴푸
2619,몰리스 클로딘 위생 샴푸
2620,몰리스 마타타비 고양이 샴푸
2621,몰리스 하이포알러제닉 샴푸(고양이용)
2622,하이포닉 하이포알러제닉 샴푸(고양이용)
2623,몰리스 하이포알러제닉 샴푸(실크코팅)
2624,몰리스 하이포알러제닉 샴푸(건성피부용)
2625,몰리스 하이포알러제닉 워터리스 샴푸
2626,하이포닉 하이포알러제닉 워터리스 샴푸
2627,몰리스 백색견용 마일드 린스
2628,몰리스 하이포알러제닉 샴푸(마일드)
2629,몰리스 하이포알러제닉 샴푸(지성피부용)
2630,몰리스 하이포알러제닉 샴푸(볼류마이징)
2631,하이포닉 하이포알러제닉 샴푸(지성피부용)
2633,몰리스 마일드 베이비파우더 샴푸
2634,백색견용 마일드 샴푸
2635,몰리스 보습 밤
2636,몰리스 뉴트리 밤
2637,하이포닉 에스티 보습 밤
2638,하이포닉 에스티 뉴트리 밤
2639,하이포닉 하이포알러제닉 샴푸(모든강아지용 무향)
2640,몰리스 향수-아쿠아샤워
2641,몰리스 향수-플라워릴리
2642,몰리스 향수-클린코튼
2643,몰리스 향수-스위트시트러스
2644,하이포닉 에스티 퍼퓸(데이스 앤 문스)
2645,하이포닉 에스티 퍼퓸 (에즈타임)
2646,몰리스 애견 치약
2647,몰리스 프로폴리스 치약
2648,마이크로신 에이에이치 귀 세정제
2649,마이크로신 에이에이치 눈 세정제
2650,마이크로신 에이에이치 구강 세정제
2651,마우로 펫 케어 에션셜 엘레멘트 샴푸 딥클린징 포뮬러
2652,마우로 펫 케어 시그네이춰 센트 바디 미스트
2655,YU 레드 코퍼 인핸스 샴푸
2656,YU 차이니즈 벨플라워 내추럴 화이트 샴푸
2661,YU 징코 베이비 펫 샴푸
2663,YU 체리블라썸 드라이 클린 스프레이 샴푸
2664,YU 피오니 드라이 클린 스프레이 샴푸
2670,아이지 캘프 F산(송아지용)
2671,아이지신 캘프산(송아지용)
2673,다이스톱 피그 F(이유자돈용)산
2674,아이지신 피그 2(육성돈용)산
2675,다이스톱 피그 F2(육성돈용)산
2676,아이지신 피그 3(비육돈용)산
2678,아이지신 폴츄리 1(산란계용)산
2679,다이스톱 폴츄리 F(산란계용)산
2680,아이지신 폴츄리 2(육계용)산
2681,다이스톱 폴츄리 F2(육계용)산
2683,유한 윌로비타산
2684,포켄스 유색견용 컬러클린 샴푸
2687,포켄스 전견용 마일드 컨디셔닝 린스
2688,포켄스 전견용 마일드 샴푸
2691,슈퍼피드산
2692,엑티아 오토
2693,엑티아 더모
2694,엑티아 오랄
2695,엑티아 샴푸
2696,펫에스테 머드 샴푸 포 올 독스
2697,펫에스테 머드 샴푸 포 화이트 헤어드 독스
2698,펫에스테 머드 샴푸 마일드 포뮬러 포 퍼피즈
2699,펫에스테 머드 샴푸 포 캣츠
2701,펫에스테 머드 킵 볼륨 다운
2702,펫에스테 머드 샴푸 포 올더 독스
2703,펫에스테 머드 킵 포 올더 독스
2704,펫에스테 프로페셔널 샴푸 포 롱 헤어드 독스
2706,펫에스테 프로페셔널 샴푸 포 퍼피스
2707,펫에스테 프로페셔널 샴푸 포 화이트 헤어드 독스
2708,펫에스테 프로페셔널 컨디셔너 포 독스 앤 캣스
2709,펫에스테 프로페셔널 챠콜 샴푸 포 독스 앤 캣스
2710,펫에스테 프로페셔널 챠콜 컨디셔너 포 독스 앤 캣스
2711,도기헤어 샴푸 포 퍼피즈
2712,도기헤어 샴푸 포 올 코츠
2713,도기헤어 샴푸 포 다크 코츠
2714,도기헤어 샴푸 포 화이트 코츠
2715,도기헤어 샴푸 포 컬리 헤어드 코츠
2716,도기헤어 샴푸 포 롱 헤어드 코츠
2717,아이지스타 액
2718,아이지스타골드 액
2720,수산용 비타로얄-씨
2722,제일애완비타민산
2723,에프앤씨 오리지날 센티드 샴푸
2724,에프앤씨 스노이코트 화이트닝 샴푸
2725,더 블리스풀 독 릴렉스 도그 아로마테라피 스프레이
2726,더 블리스풀 캣 릴렉스 캣 아로마테라피 스프레이
2727,파우파우 순수 샴푸 백모용
2728,파우파우 순수 샴푸 자견용
2729,파우파우 순수 샴푸 전견용
2732,오스 시리우스 알파 미스트
2733,오스 시리우스 베타 미스트
2734,골든탑푸러스 산
2736,마일드펫홍삼샴푸
2737,디오프러스 애견샴푸
2738,윌로마린 바이탈양어 포르테산
2739,양어용 미네랄 플러스 산
2740,크린에스100산
2741,더 블리스풀 캣 샤이니 포우 버터
2742,더 블리스풀 캣 샤이니 부부 버터
2743,더 블리스풀 릴렉스 캣 아로마테라피
2744,스타글루칸
2745,헤파킹액
2746,이화 E-10 Sel액
2747,오스 시리우스 베타 샴푸 그레시 그린향
2748,오스 시리우스 알파 샴푸 스윗 오트밀향
2749,오스 시리우스 알파 컨디셔너 스윗 오트밀향
2750,오스 시리우스 베타 컨디셔너 그레시 그린향
2752,스위트 글래머(사향)
2753,스위트 칙(달콤한 과일향)
2754,스위트 프레이즈(딸기향)
2755,애완견용 퓨어 라이트 보타닉스 퓨어파우스 오리지날 오가닉 샴푸
2756,애완견용 퓨어 라이트 보타닉스 퓨어파우스 오리지날 오가닉 컨디셔너
2757,어린 애완견용 퓨어 라이트 보타닉스 퓨어파우스 펍 오리지날 샴푸
2758,소형견용 퓨어 라이트 보타닉스 퓨어파우스 미니 오가닉 샴푸
2759,민감 피부용 애완견 퓨어 라이트 보타닉스 퓨어파우스 센시티브 오리지날 샴푸
2760,센트리 굿 비해비어 카밍 연고
2761,워시바 포우 밤
2762,웅자 향이 좋은 탈취제(아쿠아후레쉬향)
2763,웅자 향이좋은 탈취제(베이비파우더향)
2764,바이탈린샴푸
2765,바이탈린이어클리너
2767,데이비스 베이킹 소다 앤 오트밀 샴푸
2768,데이비스 그러비 도그 샴푸
2769,데이비스 하이포알러제닉 크림 린스
2770,데이비스 플럼 내츄럴 샴푸
2771,윌로벳 유한 올믹스-D 포르테산
2772,비고스타 액
2773,아미노락산
2774,프로비엘씨산
2775,슈퍼페론아연산
2776,골든 사우랑 산
2777,이뮤노-미네(산제)
2778,녹수 베타인씨액
2779,플래티넘 구강 세정 스프레이
2780,플래티넘 구강 세정젤
2781,플래티넘 살몬 오일 젤(구강 세정제)
2782,멀티헬스 프리미엄 산제
2783,독 패션 코트 스킨 로션
2784,독 패션 스파 전문가용 샴푸
2785,독 패션 스파 전문가용 컨디셔너
2786,독 패션 스파 샴푸
2787,독 패션 스파 컨디셔너
2788,마드라 모어 수딩 머드
2789,마드라 모어 포티파잉 머드
2790,마드라 모어 쉐드 세이프리 머드
2791,마드라 모어 모빌리티 머드
2792,로얄 프렌즈 샴푸 (모든 애견용)
2793,로얄 프렌즈 컨디셔너 (모든 애견용)
2794,로얄 프렌즈 향수 (모든 애견용)
2795,수산용 션 (산제)
2796,비비믹스산제
2799,수딩 오트 & 알로에 구루밍 스프레이
2802,오티큐어
2806,애슐리크레이그 쇼 샬롱 스파 콜레스테롤 컨디셔너
2807,에센셜 리바이브 피니싱 스프레이
2808,에센셜 리바이브 피니싱 스프레이(무향)
2809,슈퍼라이트산
2812,삼우 아이지액 (수출명 : Samu Ig Gel)
2813,도도나 스무스케어컨디셔너
2814,도도나 엑스트라 볼륨 컨디셔너
2815,도도나 퓨어클린컨디셔너
2817,파워폴트리-산
2818,펫 309 샴푸
2819,펫 309 버블 샴푸
2820,레이펄스 겟푸 워터리스 샴푸
2824,에센셜 텍스쳐 컨디셔너(무향)
2825,에센셜 텍스쳐 컨디셔너
2826,에센셜 클레리파이 샴푸
2828,닥터드롭스인아이즈
2829,테이스트 고슴도치전용 샴푸
2830,수산용 파워-씨산
2831,도도나 스무스케어샴푸
2832,도도나 엑스트라볼륨샴푸
2833,도도나 퓨어클린샴푸
2837,YU 포니 세정 샴푸
2838,YU 애프리콧 모이스처라이징 리브-인 트리트먼트
2841,키토씨뮨 산
2843,파워미네액
2844,애슐리크레이그 쇼 샬롱 스파 리뉴 컨디셔너
2845,애슐리크레이그 쇼 샬롱 스파 클린스 샴푸
2846,애슐리크레이그 쇼 샬롱 스파 화이튼 샴푸
2848,애슐리크레이그 쇼 샬롱 스파 린스 샴푸 스프레이
2849,멀티포유락 산제
2850,비타리더액
2851,수산용 도아라제비타산
2852,트루맘 산제
2853,TS비타믹스 산제
2854,노브랜드 반려동물 전용 탈취제
2855,한국조에티스 펫탑플러스정
2856,악스트라 파이 5000 액 (피타아제)
2857,다이제스터 파워 산
2858,비테이너스 골드 산
2859,비테이너스 S 산
2860,비테이너스 F 산
2861,오르니킹 산(L-오르니틴염산염)
2862,비오겐 아쿠아 포르테 산
2863,비오겐 아쿠아 베타 산
2864,베타엠-골드 수용산
2865,소황제오곡백과입욕제
2866,소황제 죽엽 파우더 치약
2867,소황제 지기 스프레이
2868,소황제 지기향유
2869,소황제허브식초액
2870,마이블리 머드 컨디셔너
2871,마이블리 머드 샴푸
2872,바이오실크 포 도그 엉킴방지 & 샤인 스프레이
2873,바이오실크 포 도그 모이스처라이징 샴푸
2874,바이오실크 포 도그 모이스처라이징 워터리스 샴푸 스프레이
2875,바이오실크 포 도그 퍼피 워터리스 샴푸 스프레이
2876,바이오실크 포 도그 슈퍼 글로싱 피니싱 스프레이
2877,바이오실크 포 도그 퍼피 티어리스 샴푸
2878,바이오실크 포 도그 화이트닝 샴푸
2879,바이오실크 포 도그 익스트림 모이스처 컨디셔너
2881,소황제 티엠파우더
2885,토미독 2 in 1 샴푸 앤 컨디셔너
2887,토미독 눈물 자국 제거제
2888,헤파니톨 액
2891,마이블리 머드 트리트먼트
2892,하이디 플러스 산제(콜레칼시페롤)
2893,에스비 벳케어 오라맥스 플러스
2894,소황제애견허브치약
2895,이화 ADEK액
2896,중앙 라벤더 샴푸
2897,슈퍼밀크DC 산제
2899,롤리펫샴푸 화이트티릴리 - 백모용
2900,롤리펫샴푸 클린브리즈 - 유색견용
2901,롤리펫샴푸 에이프릴프레쉬 - 자견용
2902,워시바 내추럴 퍼피 샴푸 아르간+라벤더
2903,워시바 잇치 수드 샴푸 마누카+카카두
2905,웅자 알란토인 삼푸린스
2906,웅자 허브 삼푸린스(탈모방지)
2907,초이스엘 순한 샴푸린스
2908,초이스엘 퍼퓸 샴푸린스
2909,초이스엘 허브가득 샴푸린스(탈모방지)
2910,초이스엘 바르는 치약
2911,비바텍 시그원 제올라이트 치약(강아지용)
2912,쉐어젬
2914,쉐어브라스트
2917,웅자 트리트먼트 삼푸린스
2918,하이포닉(HYPONIC) 전견용 샴푸
2919,하이포닉(HYPONIC) 자견용 샴푸
2920,하이포닉(HYPONIC) 백모용 샴푸
2921,돈사방-아이지
2922,이뮨 아이지 염소용
2924,뉴에버스킨
2925,멀티애드-M
2926,골든 뉴트리업
2929,퍼피러브 아토엔 살브
2930,퍼피러브 오가닉 카렌듈라밤
2931,퍼피러브 오가닉 님밤
2932,퍼피러브 아토엔 미스트
2933,퍼피러브 자운힐링밤
2934,퍼피러브 아로마스파
2935,퍼피러브 오가닉 아이워시
2936,퍼피러브 아로마 애플샴푸
2937,퍼피러브 아토엔샴푸
2938,퍼피러브 아토엔겔
2939,퍼피러브 아토엔 에센스
2940,퍼피러브 네츄럴 컨디셔너
2944,샤이니 엘보우 버터
2946,릴렉스 도그 아로마테라피
2947,비고에너지
2948,퍼피러브 오가닉 힐링포우밤
2949,퍼피러브 오가닉 이어솔루션
2951,퍼피러브 페이스파우더
2952,퍼피러브 오가닉 허브파우더
2953,퍼피러브 아토엔 스파
2954,프로마린 살모가드
2955,아이지락EF
2956,안티-섹트부록
2957,카니포실 K
2958,드림-피브이 산란용 비타민
2959,드림-비브이 육계용 비타민
2960,신우 미네랄 드림-피엠
2963,포비스 클래식 2in1
2965,벨덴트
2967,데멜엑스
2972,이뮤노믹스
2973,안심케어라임향탈취제
2974,안심케어라벤더탈취제
2976,슈퍼 이뮤노-업
2979,마우로 펫 케어 에센셜 엘레멘트 샴푸 익스트림 드라이스킨 앤 안티이치
2980,버블 앤 비즈 아르간 오일
2981,버블 앤 비즈 패션 후르츠
2982,패션 후르츠 컨디셔너
2985,키스에이블 오랄 케어 워터 어디티브
2986,키스에이블 브레스 폼
2987,로비믹스 베타-캐로틴 10%
2988,포비스클래식 화이트 샴푸
2989,올리고비트 음수용
2990,골든수
2991,제일양어미네믹스
2992,제일양어비타믹스
2993,골든 비타콤
2994,골든비타솔
2995,톰린 뉴트리칼 키튼
2998,톰린 뉴트리칼 페렛
3000,세븐프리 샴푸 전견용
3001,세븐프리 샴푸 어린강아지용
3002,세븐프리 샴푸 화이트견용
3003,스트레스엔드
3004,프로페셔널 이어 세정제
3005,프로페셔널 안구 세정제
3006,프로페셔널 눈밑 얼룩 제거제
3007,프로페셔널 구취 제거제
3008,아이지 캘프산(송아지용)
3010,다이스톱 피그 2(육성돈용) 산
3011,다이스톱 피그 3(비육돈용) 산
3013,다이스톱 폴츄리 2(육계용) 산
3014,비타로드킹
3015,트로피클린 후레쉬 브레스 퍼피 워터 어디티브
3016,트로피클린  후레쉬 브레스 어드밴스드 클리닝 젤
3017,트로피클린 후레쉬 브레스 드롭스
3018,트로피클린 후레쉬 브레스 퍼피 클린 티스 젤
3020,닥터독 귀세정제
3021,닥터독 눈물얼룩지우개
3022,닥터독 눈세정제
3023,고든 맥킨타이어 하이랜드 스노우드롭
3024,고든 맥킨타이어 히즈 매저스티 가든
3025,고든 맥킨타이어 로얄 헤브리디스
3026,고든 맥킨타이어 와일드 고스
3027,이글-오럴 클리어 겔
3028,헤파레스큐
3029,스완슨 이어 워시
3031,골든 비타마니
3032,골든 유니온C
3033,엘스 워터리스 샴푸
3034,진에센 홍삼함유애견삼푸(일반애견용)
3035,진에센 해충방지애견삼푸(해충방지용)
3036,스프릿츠 - 애플레티니
3037,스프릿츠 - 스트로베리 다이퀴어
3038,스프릿츠 - 피나 콜라다
3040,포 - 스틱 수드
3041,포 - 스틱 캄
3043,양주 양계 1호
3045,펫케어 티어스테인
3046,디바인 펫츠 엘보우 앤 포 밤
3047,애드AD3EC액
3048,쿠코탈취제(자몽향)
3049,쿠코탈취제(베이비파우더향)
3050,쿠코탈취제(오렌지향)
3051,쿠코탈취제(플라워 윈드향)
3052,쇼니구강청정제
3054,J PET 소동물 샴푸
3056,다클린 화이트 삼푸린스(백모견 전용)
3057,다클린 고양이 삼푸린스(고양이 전용)
3058,포비스클래식 딥클렌징 샴푸
3059,포비스클래식 부드러운 샴푸
3061,예삐 오가닉 눈물얼룩지우개
3062,시어버터 앤 아보카도 포 밤
3063,고지어스 글로스 샤이니 스프레이
3064,루시어스 록스 스프레이
3065,클린업 바르는 엔자임치약
3066,오가닉 오스카 홀리스틱 바이트 앤 이치 릴리프 스프레이(강아지용)
3068,헬로우샴푸-화이트닝용
3069,헬로우샴푸-저자극반려견용
3071,헬로우샴푸-단모반려견용
3073,헬로우샴푸-장모반려견용
3074,글라이코쥬 오틱™ 애플
3075,글라이코트™ 컨디셔닝 허브
3076,글라이코트™샴푸 애플
3077,고클린 워터리스 삼푸(애완동물용)
3078,클린업 워터리스 삼푸(애묘용)
3079,고클린 소취제(애완동물용)
3080,예삐 오가닉 구강청정제
3083,트로피클린 후레쉬브레스 워터어디티브 D
3084,트로피클린 후레쉬브레스 워터어디티브 H
3085,트로피클린 후레쉬브레스 워터어디티브 S
3086,녹수 이뮨글루
3097,더켓츠 비타민캡슐삼푸&린스(샤넬향)
3098,더켓츠 비타민캡슐삼푸&린스(베이비파우더향)
3099,더켓츠 포밍워터리스삼푸(샤넬향)
3100,더켓츠 포밍워터리스삼푸(베이비파우더향)
3101,아가타 아로마&릴렉싱 도그샴푸 장모용
3102,아가타 아로마&릴렉싱 도그샴푸 성견용
3103,아가타 아로마&릴렉싱 도그샴푸 단모용
3105,아쿠아이뮤노
3106,휘쉬글루탑
3107,다클린 퍼피 삼푸린스(모든자견용)
3108,더켓츠 트리트먼트향수(샤넬)
3109,더켓츠 트리트먼트향수(베이비파우더)
3110,아이비타솔
3111,비타골드미네
3112,그로아민-다아제
3113,애드피이에스산
3114,바이-씨 10액
3115,비타바이오 아쿠아
3116,알프레독 초코 푸들 샴푸
3117,알프레독 초코 푸들 컨디셔너
3118,펫디아떼 토탈 멀티 케어 솔루션
3120,퓨어펫 오가닉 차밍펫 샴푸
3121,퓨어펫 오가닉 차밍펫 컨디셔너 스프레이
3123,덴티솔 엔자임컴플렉스 투스겔
3124,덴티솔 엔자임컴플렉스 치약
3125,데오란트 알 프로퓨마 디 무스치노
3127,로지오네 스팟 님
3131,에코 세이브 꼬망세 탈취제
3132,에코 세이브 꼬망세 귀 세정제
3133,에코세이브 꼬망세 눈물얼룩 제거제
3134,데크라 덴타젠 RF2 치약
3135,남토셀(수출용)
3136,휘쉬비테인C
3137,애견용 탄산 미스트
3138,네추럴펫베이비파우더향린스
3139,네추럴펫쟈스민향린스
3140,네추럴펫베이비파우더향샴푸
3141,네추럴펫쟈스민향샴푸
3142,예삐오가닉샴푸-어린고양이용
3143,예삐오가닉샴푸-단모고양이용
3144,예삐오가닉샴푸-장모고양이용
3145,오포즈 템프-잉크
3148,뉴클로-G?
3149,비타믹스폴트리
3151,쏘아베 네츄럴 정전기 아웃
3152,와이송 네이쳐스 릴리프 펫 샴푸
3153,와이송 수딩 릴리프 펫 샴푸
3154,와이송 오티솔 오틱 솔루션
3155,와이송 오티솔-오 오틱 솔루션
3156,와이송 시트레센스 펫 스프레이
3157,다클린 도그 삼푸린스(모든성견용)
3158,에코 세이브 꼬망세 안구 세정제
3159,에코 세이브 꼬망세 구강 세정제
3161,페데노신
3163,이엘티 아이클리너
3164,이엘티 이어클리너
3166,쁘띠펫 퀵 클리너
3167,쏘아베 네츄럴 마일드 보습로션
3169,리앤웹스터 고양이 구강 청량제
3170,리앤웹스터 고양이 눈물 자국 지우개
3171,리앤웹스터 단모용 고양이 샴푸 & 컨디셔너
3172,리앤웹스터 백모용 고양이 샴푸 & 컨디셔너
3173,리앤웹스터 자묘용 고양이 샴푸 & 컨디셔너
3174,리앤웹스터 장모용 고양이 샴푸 & 컨디셔너
3175,리앤웹스터 고양이 이어 클린저
3176,리앤웹스터 고양이 풋밤
3178,아미노비트 골드 액
3181,와일드와시 매직 파우 밤
3183,이뮨 디오더
3185,펫디아떼 에코클린 귀 세정제
3186,펫디아떼 에코클린 탈취제
3187,조익 스피디완 트리트먼트 인 샴푸 P
3188,조익 스피디완 트리트먼트 인 샴푸 C
3189,조익 스피디완 트리트먼트 인 샴푸 D
3190,조익 스피디완 트리트먼트 인 샴푸 S
3196,꼬망세 눈물얼룩 제거제
3198,꼬망세 구강 세정제
3199,꼬망세 귀 세정제
3200,꼬망세 안구 세정제
3201,아이지락-스타터
3202,아이지콜 산
3203,씨티씨자임 에스
3205,악스트라 엑스에이피 102 케이
3206,이글-애니린스
3207,대일 페토산 치약
3209,훅 프래그런스 리퀴드 포펫탈취제(폼폼)
3210,훅 프래그런스 리퀴드 포펫탈취제(스위트 P)
3212,뱀장어용 바이오라제
3215,사이언스 이어클린
3220,마우로 펫 케어 페스트 리펠렌트 앤 드라이 샴푸
3221,마우로 펫 케어 유칼립투스 바디 미스트
3222,마우로 펫 케어 라벤더 바디 미스트
3223,마우로 펫 케어 익조릭 플라워 바디 미스트
3224,아이지 피-디 산
3225,비테인솔
3227,비타-미러 B
3228,비타-미러 B 자돈
3230,미네-킹 B
3231,미네-킹 B 자돈
3232,DS 비타-믹스
3233,우사방-아이지
3234,피아니시모 워터리스 샴푸
3235,워시바 내츄럴샴푸 라벤더+프림로즈
3237,워시바 내츄럴 샴푸 - 님 후레쉬
3238,보드레밤
3239,투벳 오리엔탈 화이트 샴푸
3240,투벳 오리엔탈 퍼피 샴푸
3241,투벳 오리엔탈 제너럴 샴푸
3242,투벳 딥 클린 샴푸
3244,투벳 실크 스무딩 컨디셔너
3245,워시바 내츄럴 플리 리펠런트
3247,워시바 데일리 스프리처 - 시트러스 + 마누카
3248,워시바 데일리 스프리처 - 플리 +  후레쉬
3249,워시바 데일리 스프리처 - 라벤더 + 프림로즈
3250,맥스-비타솔
3251,오포즈 글리터 젤
3252,오포즈 펫 헤어 초크
3253,오포즈 오트밀 리빙인 크림
3254,프로엠-비타
3255,오가니쉬 사과향 치약
3256,오가니쉬 딸기향 치약
3257,쁘띠스파 샤이닝컨디셔너 린스
3259,펫아머 헤어볼 레미디
3261,개거품 워터레스 펫 샴푸
3262,에스비 트리스이디티에이
3263,보비스타트-S
3264,도도나 카밍캣샴푸
3265,닥터독 샴푸&린스(건조피부)
3266,닥터독 샴푸 앤 린스(민감피부)
3267,닥터독 샴푸&린스(모질케어)
3268,도그 비에프에프
3269,아이지피그-F2 산
3271,잠보아 풋 케어 밤
3272,베테리신 이어린스 - 애견용
3273,베테리신 이어린스 - 애묘용
3274,베테리신 VF 이어린스 - 모든 동물용
3275,베테리신 VF 아이케어 - 모든 동물용
3276,에너멕스 70
3278,오가니쉬 플로랄 향수
3279,오가니쉬 프루츠 향수
3280,도요가 리버스 린스
3281,도요가 리버스 샴푸
3282,도요가 마르마 오일
3283,도요가 블로썸 퍼퓸
3284,도요가 이지 크린 폼
3285,도요가 풋 케어
3288,쁘띠스파항균탈취제(자몽)
3289,쁘띠스파항균탈취제(베이비파우더)
3290,와일드와시 컨디셔너
3291,와일드와시 디탱글
3292,피치퍼팩
3293,플룹앤펍
3296,데크라 말아세틱 컨디셔너 스프레이
3299,데크라 클리어오틱 이어클렌져
3301,데크라 더말라이트 샴푸
3304,톡시넬
3307,카타솔
3308,노블 플러스 바르는 치약
3309,드 쉐드 미 린스
3312,노블 탈취제(아로마)
3314,악스트라 파이 1000TPT
3315,클로르헥스 약용샴푸
3316,팜내츄럴 플리앤틱 샴푸
3317,제이디홀스 샴푸
3318,이뮨포르테(산)
3319,도도나 하이포알러제닉샴푸
3322,닥터 수 에코솔루션 요오드 샴푸
3324,닥터수 에코솔루션 퍼피 샴푸+컨디셔너 (자견용)
3325,닥터수 에코솔루션 화이트 샴푸+컨디셔너 (백모용)
3326,토야 거품 케어
3327,토야 보습 케어
3328,에센셜베타키
3329,퍼미네이터 헤어볼방지 샴푸 캣
3330,도도나 클로르-케어샴푸
3331,팜앤펫 허브 샴푸 앤 린스(전견용)
3332,팜앤펫 허브 샴푸 앤 린스(자견용)
3333,팜앤펫 허브 샴푸 앤 린스(흰개용)
3334,팜앤펫 허브 샴푸(전견용)
3335,팜앤펫 허브 샴푸 앤 린스(성묘용)
3336,팜앤펫 허브 샴푸 앤 린스(자묘용)
3337,팜앤펫 허브 샴푸 앤 린스(헤어볼)
3338,팜앤펫 구강청정제(애완용)
3339,소프킨 이어워시 패드
3340,소프킨 아이워시 패드
3341,팜앤펫 안구세정제
3343,와일드와시 라이트 컬러 코트 샴푸
3344,와일드와시 뷰티 앤 샤인 넘버원 샴푸
3345,와일드와시 센시티브 코트 샴푸
3346,와일드와시 뷰티 앤 샤인 넘버투 샴푸
3347,와일드와시 이치 드라이 코트 샴푸
3348,와일드와시 프레이그런스 넘버원
3349,와일드와시 프레이그런스 넘버투
3350,와일드와시 딥 클리닝 데오도라이징 샴푸
3352,퍼지야드 알로에베라 탠저린 독 샴푸
3353,퍼지야드 페퍼민트 & 유칼립투스 브레스 겔
3354,퍼지야드 로즈마리 페퍼민트 샴푸 & 컨디셔너
3355,퍼지야드 스위트 아몬드 알로에 이어클렌저
3356,퍼지야드 탠저린 코코아 샤이닝 독 컨디셔너
3357,퍼지야드 탠저린 로즈마리 슈퍼샤이닝 샴푸
3359,홍삼 버블쿠션 클렌징
3360,드 쉐드 미 샴푸
3362,도그스 러브 잇
3363,도기 프레그런스
3367,디바인 펫츠 눈물자국제거제
3368,트로피클린 옥시메드 안티-잇치샴푸
3369,트로피클린 옥시메드 메디케이티드 수딩 스프레이
3370,트로피클린 옥시메드 이어 클리너
3371,트로피클린 옥시메드 하이포알러제닉 오트밀샴푸
3372,트로피클린 옥시메드 메디케이티드 오트밀샴푸
3373,트로피클린 옥시메드 메디케이티드 오트밀트리트먼트
3374,트로피클린 옥시메드 안티-잇치수딩스프레이
3375,팜내츄럴 투쓰젤
3376,팜내츄럴 이어클리너
3377,팜내츄럴 아이클리너
3378,팜내츄럴 오더버스터
3380,크리맥스
3381,필링 플레이키
3385,알프레독 퍼피 샴푸 앤 린스
3386,알프레독 멀티 컨디셔너
3389,팜스코말미네랄
3392,워렌런던 이어 클리너
3393,워렌런던 오트밀 샴푸
3395,워렌런던 코코넛 샴푸 플러스 컨디셔너
3396,워렌런던 크리터 컬러(염색약)
3397,워렌런던 하이드레이팅 버터 - 구아바 & 망고스틴
3398,워렌런던 하이드레이팅 버터 - 석류 & 아사이베리
3402,스위트 오렌지 독 샴푸
3404,호호바 앤 바질 독 샴푸
3405,호호바 앤 라벤더 독 컨디셔너
3406,오트밀 앤 만다린 독 샴푸
3407,오트밀 앤 알로에베라 독 컨디셔너
3409,알로에베라 라벤더 퍼피 컨디셔너
3410,라이프스 언 이치
3412,퍼태스틱
3413,하이 메인트넌스
3416,쇼백 진드기 예방 샴푸
3417,도도나 프리앤틱샴푸
3418,에이피디시 티트리 샴푸
3419,에이피디시 티트리 컨디셔너
3421,벳메드 말라오틱 이어크리너
3422,팜스펫샴푸-진드기벼룩예방전용
3424,팜내츄럴 체리 샴푸
3425,팜내츄럴 실버바인 샴푸
3426,팜스펫 샴푸 - 피부병 예방 전용
3428,파우스 반려동물 안티-이칭 샴푸
3439,필루 레풀 7 목걸이(외부기생충 예방)
3440,필루 스팟온 레풀7(외부 기생충 예방)
3441,필루 향기 목걸이
3442,필루 레풀 7 피트온 애완견 메달 (외부기생충 예방)
3444,필루 밍크오일 숏헤어 샴푸(단모)
3445,필루 사과향 오트밀 샴푸(건조모발/보습)
3448,필루 블랙 헤어 샴푸
3451,필루 오트밀샴푸 (보습)
3454,필루 오더킬러 (항균/탈취)
3456,말 눈주위 세정액
3457,후브 클리너
3459,네추럴 인섹트 리펠런트 젤 (말 외부기생충 방지)
3460,에이피알 목걸이(말 외부기생충 방지)
3461,라우렐오일그린오인트먼트
3462,파인타르그레이오인트먼트
3463,피쉬오일블랙오인트먼트
3464,비즈왁스블론드오인트먼트
3465,노린싱클리닝로션
3466,다크헤어홀스샴푸
3467,클리어헤어홀스샴푸
3468,디신탱글링 스위트아몬드오일 스프레이
3469,필루 레풀 7 로션 스프레이(외부 기생충 예방)
3476,삼우 이-씨 맥스 액
3477,삼우 파라비타 마린 액
3478,다원 VP-1
3479,다원 VP-2
3480,이화 수산용 비타 C액
3481,아비프로브
3482,비테솔400
3484,메타그로
3485,진우 마블-탑
3486,빅독삼푸컨디셔너
3487,미듐독삼푸컨디셔너
3491,바이오강스 그리스리스 스프레이(강아지)
3492,바이오강스 그리스리스 스프레이(고양이)
3493,바이오강스 뉴트리리스 스프레이(강아지)
3494,바이오강스 뉴트리리스 스프레이(고양이)
3495,바이오강스 엑스트라 리스 스프레이
3500,바이오강스 노린스 포머(강아지)
3502,바이오강스 화이트 스프레이
3503,바이오스파틱스 스프레이(강아지)
3504,바이오스파틱스 스프레이(고양이)
3505,바이오스파틱스 인도어 스프레이
3507,바이오 프란 C
3508,렐리큐 미네랄 스파 애견샴푸 - 라벤더
3509,렐리큐 미네랄 스파 애견샴푸 - 자스민
3510,렐리큐 미네랄 스파 애견샴푸 - 녹차
3511,렐리큐 미네랄 스파 애견샴푸 - 석류
3512,렐리큐 미네랄 스파 애견샴푸 - 로즈마리
3513,렐리큐 이어 솔루션
3514,렐리큐 스킨 솔루션
3515,도도나 센서티브수드샴푸
3516,프로칼-징크
3518,트리스덴트 덴탈젤
3519,티이씨 워터
3520,티이씨 오랄 린스
3521,티이 오틱
3522,더마플러쉬
3523,글라이코쥬 샴푸
3524,글라이코쥬 컨디셔닝
3526,글라이코트 샴푸
3527,에코뮨
3528,도도나 댄드러프샴푸
3529,웅자 알뜰형 애견삼푸린스
3530,골디샴푸
3532,락타시드액
3535,켄코케어 구강청정제
3540,이네이쳐 허브 샴푸＆린스(자견용)
3542,이네이쳐 허브 샴푸＆린스(백모용)
3543,이네이쳐 허브 린스
3544,진우 카우헬스-원
3545,퍼미네이터 헤어볼방지 워터리스 스프레이 캣
3546,케니후레쉬
3547,클라이톡스
3548,포스폴리고 아쿠아
3549,바이오 BC 락
3550,악스트라 엑스에이피 102 티피티
3551,라라 펫 케어 제너럴 린스
3552,라라 펫 케어 클리어 눈 세정제
3553,라라 펫 케어 아이 눈물지우개
3554,라라 펫 케어 구중청량제
3555,라라 펫 케어 화이트 샴푸&린스
3556,라라 펫 케어 제너럴 샴푸
3557,라라 펫 케어 퍼피 샴푸&린스
3558,라라 펫 케어 제너럴 샴푸&린스
3559,라라 펫 케어 귀세척제
3560,라라 펫 케어 덴탈 바르는 치약
3562,라라 펫 케어 클린탈취제 (라벤더향)
3563,라라 펫 케어 클린탈취제 (쟈스민향)
3564,유한 양계 1호
3565,유한 양계 2호
3566,마마스킨 딥클렌져
3569,코미비타알파
3572,헤파비알 씨 플러스
3573,비타액골드
3574,"바람장미 강아지ㆍ고양이 똥, 오줌 냄새 탈취제"
3576,악스트라 엑스에이피 101 티피티
3577,케나그로
3578,다클린아로마항균탈취제
3579,왈왈 다이나믹 이어클리너
3580,왈왈 다이나믹 아이로션
3581,왈왈 다이나믹 구강청정제
3582,펫퍼스 비타민 치약(성견용)
3583,애니멀 크리너 닥터 2011
3584,애니멀 크리너 메디케어 2012
3585,올가밀 이어클리너
3586,올가밀 아이로션
3587,올가밀 구강청정제
3588,고려한마블
3589,민트렉스 D
3591,진우 그로비타-젖소용
3598,디 쉐드 린스
3599,비고보린
3600,디테빗 엑셀
3601,닐스트레스
3604,넬 캐로비타
3605,리버크린-골드
3606,펫 디아떼 한방 내츄럴 샴푸
3607,펫디아떼 한방내츄럴 거품샴푸
3608,펫 디아떼 한방 내츄럴 향수
3609,포자임TP-100 (HP)
3611,프로마린 네오믹스
3612,프로스폰스-XP
3613,유앤미 헤어코팅 스프레이
3614,조익 퍼메이크 샴푸 엑스
3615,조익 퍼메이크 트리트먼트 엑스
3616,조익 퍼메이크 스무드프로텍터 엑스
3617,진우 카우-헬스
3622,아베일라-아연 120
3623,아베일라-철 100
3625,프루너스 한방 허브 샴푸
3627,퍼펙트코트 쉐드 컨트롤 개 전용 샴푸
3628,한풍오가닉-그린컬쳐
3630,카우믹스-젖소용
3632,내츄럴 플리아 앤 틱 스프레이 for Dogs
3633,내츄럴 플리아 앤 틱 스프레이 for Cats
3634,프로마린 비테인
3635,슈퍼믹스-카우 액
3636,썸벧 미네라이트
3637,수산용 아스코 100
3638,수산용 코미토코비타
3642,퓨어 브리더 화이트 샴푸
3643,퓨어 브리더 퍼피 샴푸
3645,대성 고트업 액
3646,미야틱스-588
3649,잠보아 애완동물 아톱 부스터
3650,잠보아 애완동물 아톱 샴푸
3656,에프씨원 이븐큐어 스프레이
3657,에프씨원 키핑큐어 모이스처라이징
3658,에프씨원 키핑큐어 컨디셔너
3659,에프씨원 키핑큐어(고양이)
3660,에프씨원 키핑큐어
3661,에프씨원 헤어큐어
3662,에프씨원 스킨큐어
3663,에프씨원 아토큐어 샴푸
3665,에프씨원 아토큐어(고양이)
3666,애드액틴파워
3668,수산용 베타인쿨
3669,우진 축우용 프리믹스
3671,갈자임 농축액
3675,엔자덴트 핑거브러쉬 키트-폴트리
3676,덴타헥스 오랄 린스
3677,스파클앤샤인브라이트닝샴푸
3678,드라이도그인스탄트클린
3679,플리더씬아웃도어스프레이
3680,윌로펫 이어클리어
3681,러프투스무드디탱글러
3682,도그스모그레메디
3683,키스에이블투스패이스트
3684,퍼버터딥컨디셔너
3685,버블앤비즈샴푸앤컨디셔너
3686,컴피도그오트밀샴푸
3687,이친포릴리프안티이치스프레이
3689,미라클 고양이용 포밍 워터레스 샴푸
3691,스파 스포츠 포 힘 펫코롱
3694,스파 스포츠 포 힘 샴푸
3695,미라클 R7  눈 세정제
3696,미라클 R7 네츄럴 귀 세정제
3697,미라클 R7 아이 클리어
3698,미라클 라디안트 화이트 브라이트닝 샴푸
3701,미라클 과민피부용 샴푸
3704,미라클 해충 기피제
3705,미라클 메디케이티드 안티박테리얼 샴푸
3707,"촐랑이와 찡찡이 오가닉 워터리스샴푸-진드기, 벼룩예방전용"
3708,"촐랑이와찡찡이워터리스샴푸-진드기,벼룩예방전용"
3710,뉴자임
3712,노바믹스 M
3713,수산용 파워토코씨-솔
3714,피그맘 오디
3715,골드카프맘
3716,뽀삐 컨트롤 샴푸
3718,이글-펫 스킨케어
3719,일렉트로팍
3721,존폴펫 아와푸치 샴푸
3722,존폴펫 아와푸치 컨디셔닝 린스
3727,존폴펫 티트리 컨디셔닝 스프레이
3728,존폴펫 카밍 모이스춰라이징 샴푸
3729,존폴펫 워터리스 폼 샴푸
3731,존폴펫 티어리스 샴푸
3732,존폴펫 인스턴트 디탱글링 스프레이
3734,바이오가용산
3735,벳메드 이어크리너
3736,코미토코비타
3737,큐즈앤미즈 덴탈센스치약
3738,웅자컨디셔너향수
3741,데이비스 골드 샴푸
3742,베타콤C
3743,리바솔
3745,이글-오럴 후레쉬
3746,이글-이어클리너
3747,펫스트리트 일반용 샴푸 린스
3748,펫스트리트 화이트용 샴푸 린스
3749,펫스트리트 베이비용 샴푸 린스
3750,펫스트리트 이어크리너
3751,펫스트리트 눈물지우개
3752,펫스트리트 구강스프레이
3753,아이지믹스
3754,단바이오 하나로믹스
3755,단바이오 마블
3759,라디게 거품 샴푸
3760,베게 비타민 치약
3761,스플레쉬 오랄 헬스
3762,쿨버-S
3765,포켄스 탈취제 - 편안한 라벤더향
3767,글로벌 모돈 미네랄믹스
3768,글로벌 후보돈 미네랄믹스
3770,피토케어 구중청량제
3775,아이지드링크 파워
3776,이글-클린케어
3777,도도나 아이케어
3778,도도나 이어케어
3780,아띠랑스 전견용 샴푸
3782,아띠랑스 화이트 샴푸
3784,아띠랑스 고양이 샴푸/린스
3785,아띠랑스 린스
3786,삼우 바이오틴 1000
3787,유한 징쿠시드
3788,조인트앤본 컨트롤
3793,비오쓰리M-1 산
3794,아이지피그-S산
3796,펫퍼스 창포 샴푸/린스(일반용)
3797,펫퍼스 창포 샴푸(전견용)
3798,펫퍼스 창포 샴푸(퍼피)
3799,펫퍼스 창포 샴푸(화이트)
3800,펫퍼스 창포 린스
3805,아이지피그-F1산
3806,골드피그맘
3807,메디비타-씨피
3808,올가밀 샴푸&린스 (일반용)
3809,올가밀 샴푸 (전견용)
3810,올가밀 퍼피샴푸
3811,올가밀 화이트 샴푸
3812,올가밀 린스
3813,유한 비타민 9호(모돈용)
3814,유한 비타민 7호(젖뗀 돼지용)
3815,유한 비타민 8호(육성 비육용)
3817,예삐 오가닉 샴푸-자견용
3818,예삐 오가닉 샴푸-유색견용
3819,미라클 순 오가닉 샴푸-백모용
3820,미라클 순 오가닉 샴푸-자견용
3821,미라클 순 오가닉 샴푸-유색견용
3826,유한 홀스케어 본가드
3827,프로베타칸 이뮨
3828,팝아라다
3830,그루머스살롱셀렉트오트밀샴푸
3831,그루머스살롱셀렉트오트밀컨디셔너
3832,그루머스살롱셀렉트퍼피샴푸
3833,그루머스살롱셀렉트화이트코트샴푸
3834,그루머스살롱셀렉트허브샴푸
3835,그루머스살롱셀렉트콜타르샴푸
3836,그루머스살롱셀렉트 디오더라이징샴푸
3837,놉코자임2
3838,삼우 베타산
3839,토리솔-비
3840,바비팬더 스크레치 캣 샴푸
3841,바비팬더 내추럴 수딩 샴푸
3842,바비팬더 내추럴 퍼피 샴푸
3843,바비팬더 찰리독 플리앤틱 샴푸
3844,이뮨팡팡
3846,디아팜 포우 스프레이
3849,포미나 홀스케어 삼푸
3850,골든 비오제
3852,엘레시앙 러블리 샴푸/린스(일반용)
3853,엘레시앙 러블리 샴푸/린스(어린개용)
3854,엘레시앙 화이트닝 샴푸/린스(백모용)
3855,엘레시앙 테라피 샴푸(이.벼룩 억제용)
3856,엘레시앙 퍼퓸 샴푸
3857,엘레시앙 퍼퓸 린스
3858,엘레시앙 러블리 미스트
3859,엘레시앙 테라피 샴푸(피부보호.비듬감소)
3860,반려동물 미네럴 천연 향수 탈취제 (편백오일)
3861,가디젠-I
3862,헤파토닉-L
3863,콜롱 피니쉬 스프레이 베이비파우더센트
3864,콜롱 피니쉬 스프레이 트로피컬센트
3865,프레쉬앤클린 노탱글 펫그루밍 스프레이
3867,카우버퍼
3868,반려동물 미네럴 천연 향수 탈취제
3869,오트밀베이킹소다컨디셔너15:1
3871,투인원오리지날센티드컨디셔닝샴푸
3872,바비팬더 골져스독 샴푸
3873,바비팬더 이치독 샴푸
3874,바비팬더 배드헤어데이독 샴푸
3875,바비팬더 스팅키독 샴푸
3876,바비팬더 베이비베베 퍼피 샴푸
3877,바비팬더 스날리독 컨디셔닝 스프레이
3878,바비팬더 골져스 드라이 샴푸
3879,바비팬더 베이비 베베 스프레이 샴푸
3880,바비팬더 스멜리 캣 샴푸
3881,바비팬더 쉐기 캣 샴푸
3882,바비팬더 내추럴 리쥬베내이팅 샴푸
3883,바비팬더 내추럴 모이스쳐라이징 샴푸
3884,뉴솔비타
3885,에코브라이트 눈 세정제
3886,에코브라이트 귀세척제
3887,에코브라이트 구중청량제
3888,쁘띠 펫 아이클리너
3889,쁘띠 펫 덴탈클리너
3890,쉐듀스 샴푸
3891,에임 티트리 비듬방지 샴푸
3892,하이글로시 샴푸
3893,앤티스탯 린스
3894,엑토패럴샴푸
3895,프로마린 비타-Se
3897,씨푸레쉬
3898,코코바스워터리스샴푸
3899,다원파워솔
3901,글루밍-업
3902,피토케어 샴푸 더 베이직
3903,박토셀 PX 20
3911,판타제
3912,레뷰셀 에스비20
3913,박토셀
3916,진산 에리엘 이어 크리너
3917,닥터펫 화이트 샴푸
3918,닥터펫 베이비 샴푸
3919,닥터펫 일반 샴푸＆린스
3922,하이펫 구강스프레이
3923,하이펫 베이비 샴푸＆린스
3924,하이펫 화이트 샴푸＆린스
3925,하이펫 일반샴푸＆린스
3926,야멍 이어크리너
3928,뉴앙스 펫 칼라젤
3929,뉴앙스 펫 눈물지우개
3930,뉴앙스 펫 클린치약
3931,디앤씨 겸용샴푸(베이비용)
3932,디앤씨 겸용샴푸(일반용)
3933,뉴앙스 펫 스프레이(베이비용)
3934,뉴앙스 펫 스프레이(일반용)
3935,다이아나 샴푸＆린스(베이비용)
3936,다이아나 샴푸＆린스(화이트용)
3937,플레시클린 일반 샴푸＆린스
3938,플레시클린 화이트 샴푸＆린스
3939,플레시클린 베이비 샴푸＆린스
3940,에리엘 샴푸(일반)
3941,에리엘 화이트 샴푸＆린스
3942,에리엘 베이비 샴푸＆린스
3943,에리엘 린스
3944,퓨리나 구루머스 소프트케어 퍼피 샴푸
3945,퓨리나 구루머스 모이스춰 성견용 샴푸
3946,퓨리나 구루머스 화이트닝 펄 샤인 샴푸
3947,퓨리나 구루머스 린스
3948,퓨리나 구루머스 비듬방지용 클렌징 샴푸
3949,오가닉 오스카 오가닉 라벤더 퍼피 샴푸(강아지용)
3950,오가닉 오스카 홀리스틱 바이트 앤 이치 릴리프 샴푸(강아지용)
3951,오가닉 오스카 2 in 1 샴푸 앤 컨디셔너(강아지용)
3953,스프레이 푸레쉬
3954,오스타 오트밀 벼룩＆진드기 샴푸
3955,디스콜러빙도지
3956,윌로벳 바이탈 AD3E
3958,베테러네리 크리닉케어 오트밀 앤티트리 오일 인퓨져
3959,베테러네리 크리닉케어 하이포알러지 컨디셔너
3960,베테러네리 크리닉케어 플리앤틱 샴푸
3961,베테러네리 크리닉케어 E.F.A 쉐드컨트롤 샴푸
3962,베테러네리 크리닉케어 E.F.A 쉐드컨트롤 컨디셔너
3963,닥터 골드 이어테라피
3964,베터러네리 크리닉케어 이어테라피
3965,비고맥스-G
3966,라노샴푸
3967,클리어 오틱 이어 클린져
3968,아이지드링크C
3969,아이지맘
3970,뉴아이지포르테
3971,신비솔
3972,내츄럴퍼시픽샴푸(일반용)
3974,내츄럴퍼시픽샴푸(백모용)
3975,내츄럴퍼시픽 약용샴푸 (비듬.피부보호)
3976,내츄럴퍼시픽약용샴푸(탈모방지)
3977,내츄럴퍼시픽샴푸(자견용)
3979,셀렌비타-P
3980,베테러네리 크리닉케어 하이포알러지 샴푸
3981,베테러네리 크리닉케어 인센티브케어 하이드레이션 샴푸
3982,아쿠아 라바자임
3983,칼스포린 비비에스
3985,에스에프 캐로풀린
3987,한방약용샴푸(개.고양이)
3988,서젼트 퍼쏘후레쉬 노린스 폼앤콤 캣 샴푸
3989,센트리 카밍 애견 스프레이
3990,센트리 카밍 고양이 스프레이
3991,센트리 스탑댓! 노이즈페로몬 스프레이
3992,비타톤 피쉬 쎄븐
3994,프랑스 더모센트 에센셜식스
3995,프랑스 더모센트 에센셜무스
3996,퀵리스큐
3997,애드바이오플러스산
3998,애드아스코산
4001,"골드 약용 샴푸＆린스 (비듬, 피부보호)"
4002,골드 약용 샴푸＆린스 (탈모방지)
4003,비바텍 시그원 구강청결제(애견용)
4004,푸치 애견용 코롱 - 와일드
4005,푸치 애견용 코롱 - 트루
4006,푸치 애견용 코롱-퍼피러브
4007,푸치 애견용 코롱-챔프
4008,푸치 애견용 코롱-포쉬
4009,푸치 애견용 코롱-스터드
4011,웅자 실속형 삼푸린스
4012,초이스엘 덴탈5 치약
4014,덴탈후레쉬 오리지날 고양이용
4015,덴탈후레쉬 어드밴스드(프라그/치석)
4016,덴탈후레쉬 어드밴스드(미백)
4017,덴탈후레쉬 고양이용
4019,그루머스 블렌드 오트밀 프로틴 샴푸
4020,그루머스 블렌드 디오더라이징 샴푸
4021,그루머스 블렌드 울트라 화이트 샴푸
4022,그루머스 블렌드 플리앤틱 샴푸
4023,그루머스 블렌드 허브 샴푸
4024,그루머스 블렌드 퍼피 프레쉬 샴푸
4025,쉐드 엑스 탈모방지 샴푸(고양이용)
4027,시너지랩 그로스앤글라이드 컨디셔너
4028,시너지랩 안티 알러지 무스(고양이용)
4029,시너지랩 워터리스 거품 샴푸(고양이용)
4030,엘엠 팜스 딥클린징 샴푸
4031,그루머스 블렌드 오트밀 프로틴 컨디셔너
4032,그루머스 블렌드 탈모 방지 샴푸
4033,그루머스 블렌드 퓨어 앤 심플 샴푸
4034,오가닉 오스카 오트밀 샴푸(강아지용)
4036,올더펫 슬림
4037,올더펫 스킨
4038,그루머스 베스트 3 in 1 컨디셔닝 샴푸
4039,그루머스 베스트 오트밀 샴푸
4040,엘엠팜스 퍼피샴푸 엑스트라 젠틀
4041,엘엠팜스 컨디셔닝 샴푸
4042,엘엠 팜스 수딩 샴푸
4043,그루머스 베스트 화이트너 샴푸
4044,그루머스 베스트 후레쉬 스프레이
4045,그루머스 베스트 퍼피 샴푸
4046,그루머스 베스트 헤어볼 컨트롤 샴푸
4047,하츠 이어 클리너
4048,오가닉 오스카 알로에 베라 컨디셔너(강아지용)
4050,와일드 허니써클 샴푸
4051,허브 그룸 샴푸
4053,바이오그룸 클린 키티 워터레스 샴푸
4055,바이오그룸 쏘젠틀샴푸
4057,바이오그룸 비터 테이스트
4061,실키캣 프로테인 라놀린 샴푸
4062,바이오그룸 매직 화이트
4064,이어 프레쉬 이어파우더
4067,오가닉 오스카 알로에 베라 샴푸(강아지용)
4068,화이트진저콜론
4069,크리스프 애플 콜론
4070,컨트리 프리지아 콜론
4071,와일드 허니써클 콜론
4073,플로피 퍼피 샴푸
4076,아이지 컬춰
4077,애니쉴드 더 퓨어 항균 탈취 스프레이
4078,바이오스팟틱 피펫(고양이)
4079,바이오스팟틱 피펫(강아지)
4080,살모자임
4086,박토셀 드링크
4089,펫앤피플비타민캡슐 삼푸린스(베이비파우더향)
4092,뉴미라클 후레쉬 린스전용
4096,조익 퍼메이크 샴푸 N
4097,조익 퍼메이크 컨디셔너 N
4098,삼우 비오그린-E
4100,울트라 퍼펙트 샴푸전용
4101,울트라 퍼펙트 일반 샴푸 린스
4102,울트라 퍼펙트 화이트 샴푸 린스
4103,울트라 퍼펙트 베이비 샴푸 린스
4104,엠＆씨 이지 덴탈 케어 리퀴드
4105,비오트롤 산
4106,브이아이피도그 닥터케어 샴푸
4107,히트-스트레스(산)
4111,비타골드 슈퍼(수출용)
4112,해드림 AS믹스
4115,바이오웰 에스
4121,조익 N 퍼피돌 린스
4124,조익 디오더런트 샴푸
4125,조익 디오더런트 컨디셔너
4126,조익 퀵하프 트리트먼트 인 샴푸 성견용
4127,조익 퀵하프 트리트먼트 인 샴푸 강아지용
4129,엠＆씨 어드밴스드 치약＆칫솔
4130,유한 엘비씨에스씨-에스
4131,펫퍼스 애견용 피톤치드 탈취제-플로랄향
4132,펫퍼스 애견용 피톤치드 항균탈취제-라벤다향
4133,펫퍼스 애견용 피톤치드 탈취제-백합향
4134,카프 아이지 에프
4135,스포아자임
4136,프로비온-포르테
4137,미라클 후레쉬 비듬방지 샴푸
4138,미라클 C-ART 고양이용 일반샴푸
4139,미라클 C-ART 고양이용 벼룩진드기 예방 샴푸
4140,미라클 후레쉬 벼룩진드기 예방 샴푸
4141,아다폰 에프지
4142,바이오톱-SC
4145,이뮤노그린
4146,이섹포르테-엘
4147,이섹포르테-셀
4148,이뮤노비타 알파
4150,이어클렌징리퀴드(애견용귀세정제)
4151,아이 린스(애견용 눈세정제)
4152,엔자이매틱투스페이스(애견용치약)
4153,이화 AD3E 액
4154,리미티드 소동물용 샴푸
4155,트로피클린 후레쉬 브레쓰 리퀴드플로스
4157,베지터블 펫 샴푸&린스 베이비파우더향
4158,이뮤노헬스-SB
4159,이뮤노카프
4161,이뮤노비타
4163,하이모리트 샴푸-일반용
4164,하이모리트 샴푸-장모용
4165,하이모리트 샴푸-단모용
4166,하이모리트 컨디셔너
4168,오트밀 내츄럴 디오더라이징 샴푸
4169,오트밀 내츄럴 더마실크 컨디셔너
4170,오트밀 내츄럴 젠틀 퍼피 샴푸
4171,오트밀 내츄럴 인섹트 가드 샴푸
4172,오트밀 내츄럴 쉐드 컨트롤 샴푸
4173,오트밀 내츄럴 포앤원 샴푸
4174,펫앤피플 일반용 삼푸
4175,펫앤피플 컨디셔닝 린스
4176,유로솔 AD3E
4178,코미씨20
4179,살모가드액
4180,파마귤레이터
4181,"퍼펙트 코트 벼룩,진드기 샴푸 애견용"
4185,누티 멜론 샴푸
4186,누티 바닐라 쿠키 샴푸
4187,누티 벚꽃 샴푸
4188,누티 스위트피 바닐라 샴푸
4189,누티 코코넛 라임 샴푸
4190,누티 멜론 스프레이
4191,누티 바닐라 쿠키 스프레이
4192,누티 벚꽃 스프레이
4193,누티 스위트피 바닐라 스프레이
4194,누티 코코넛 라임 스프레이
4195,디자임-B
4196,디자임-G
4197,디자임-L
4198,디자임-P
4199,먼고앤머드쁘띠아몬드도그코롱
4200,먼고앤머드쁘띠아몬드도그샴푸
4202,베지터블 펫 샴푸&린스 쟈스민향
4203,베지터블 펫 오가닉 샴푸 AND 린스 (라벤더)
4204,비타폴트-M
4205,코미 칼시 빗 (수출용)
4206,바이오강스황색/금색모발용샴푸
4209,펫앤피플 어린애견용 삼푸린스
4210,펫앤피플 하얀애견용 삼푸린스
4218,바이오강스플리어웨이(해충기피)고양이샴푸
4219,바이오강스플리어웨이(해충기피)애견샴푸
4225,바이오강스크린아이(눈세정제)
4226,바이오강스크린이어(귀세정제)
4227,펫앤피플 일반애견용 삼푸린스
4228,조익 퍼메이크 프래그런스샴푸
4229,조익 퍼메이크 프래그런스컨디셔너
4230,펫트코리아 조익 드라이샴푸
4231,멀티비고믹스 플러스
4232,글로바맥스1000
4233,대니스코 자일라나아제 40000G
4234,헤파톱-비
4236,비오 3 M 산
4237,슈퍼 AD3E 액
4239,액틴올 산
4241,삼양 일렉트로 수용산(수출용)
4242,실키밀키 러블리 고양이용 샴푸
4243,멀티솔 G(수출용)
4244,비고솔 골드
4245,이뮤자임 XP
4246,서부비타민 1호
4252,네츄리스 플리앤틱 샴푸
4253,네츄리스 아이케어
4254,네츄리스 안티마이트
4256,에피-펫 이어 클리너
4258,유비-락 골드
4261,뉴미라클 후레쉬 샴푸(베이비)
4262,뉴미라클 후레쉬 샴푸(유색견)
4263,뉴미라클 후레쉬 투명샴푸(샴푸전용)
4264,뉴미라클 후레쉬 샴푸(백색견)
4265,카고진-엘
4266,포비스 덴탈크린 베타
4267,베타자임-P
4268,비고믹스 종합
4269,살토자임
4272,심플리 퓨어 오트밀 앤 알로에 샴푸
4273,심플리 퓨어 큐캄버 멜론 샴푸
4274,프로-마린 락토다이제
4275,The Cat 천향미묘 고양이 샴푸
4277,트로피클린 후레시 브리즈 데오더라이저 코스모스
4278,고양이사료용 비타민 미네랄 혼합 프리믹스 SPX-T1
4279,프로비테인
4280,스트롱리버 플러스
4281,바이오버트 엑스트라
4282,비타 프로텍트-S 액
4284,트로피클린 키위 리모이스춰라이져 코스모스
4285,트로피클린 아와푸히 화이트 샴푸 코스모스
4287,트로피클린 퍼피 앤 키티샴푸 코스모스
4289,트로피클린 알로에 모이스트 샴푸 코스모스
4290,트로피클린 카바 샴푸 코스모스
4291,트로피클린 파파야 플러스 샴푸 코스모스
4293,트로피클린 베이비 파우더 코롱(애완용) 코스모스
4294,트로피클린 후레시 클린 티스 젤 코스모스
4296,트로피클린 워터 어딕티브 코스모스
4297,비고린
4298,"버블버블워터리스거품샴푸(이, 벼룩)"
4299,멜라세덤 린스
4300,하이모라이트 샴푸
4302,갈자임 PB
4303,서젼트 퍼-쏘-후레쉬 오트밀 독 샴푸
4304,서젼트 퍼-쏘-후레쉬 메디케이티드 독 샴푸
4305,서젼트 퍼-쏘-후레쉬 올 퍼포스 독 샴푸
4306,서젼트 퍼-쏘-후레쉬 올 퍼포스 캣 샴푸
4307,서젼트 퍼-쏘-후레쉬 퍼피 샴푸
4308,서젼트 퍼-쏘-후레쉬 하이-화이트 독 샴푸
4309,서젼트 퍼-쏘-후레쉬 위프 독 샴푸
4310,윌로마린 내추럴 아쿠아
4311,비타민캡슐 삼푸린스(전견용)
4312,비타민캡슐 삼푸린스(자견용)
4313,살모가드
4315,허바 파워
4316,서울 캐로틴 플러스
4318,포시즌 일반샴푸
4319,포시즌 일반 샴푸린스 겸용
4321,포시즌 어린개용 샴푸린스 겸용
4322,포시즌 백모용 샴푸린스 겸용
4323,포시즌 요크셔 시추 샴푸
4324,포시즌 말티즈 샴푸
4325,"포시즌 약용샴푸 샴푸린스 겸용(이, 벼룩)"
4326,포시즌 약용샴푸 샴푸린스 겸용(비듬)
4328,락토셀
4329,성원 멀티빗
4330,포스폴리고 액
4331,코비텍 액
4332,비타 프로텍트 액
4336,헬스킨
4337,골든 K3 솔루션
4338,제넥스 사우
4339,제넥스 피그
4340,브로메틱-골드(산)
4341,진크로-400
4342,컷스트레스 산
4344,수산용 바이미랄-D
4345,수산용 글루치온
4346,닥터 아레아 플러스
4347,베타맥스-에프에이
4348,트리플 구중청량제
4349,유니캣 고양이샴푸
4355,알마드 순한샴푸
4356,더마센 위생샴푸
4357,알리덤 완화샴푸
4358,수퍼백 주변탈취제
4359,스포아자임-포르테
4360,펩티다-G
4364,퓨어리 내츄럴 펫 에센셜 귀 세정제
4365,퓨어리 내츄럴 펫 에센셜 안구 세정제
4366,퓨어리 내츄럴 펫 에센셜 올개닉 펫샴푸
4367,퓨어클린 탈취제(그린허브)
4368,퓨어클린 탈취제(복숭아향)
4369,퓨어클린 탈취제(파우더향)
4371,울트라시드 락 플러스 드라이
4372,디알펫아이워시
4373,디알펫이어워시
4374,디알펫오랄워시
4375,디알펫샴푸린스
4380,펫 스타일 구강청결제
4381,펫 스타일 귀세정제
4382,퓨어렛 샴푸 베이비용
4384,퓨어렛 샴푸 유색견용
4385,도기후레쉬리아 일반용 샴푸/린스
4386,도기후레쉬리아 베이비용 샴푸린스
4387,도기후레쉬리아 화이트용 샴푸린스
4388,소페롤
4389,액틴-P 산
4391,엠＆씨 티어 스테인-UM
4392,수용성 바이탈-씨
4395,바이오멀티케어 락토바이오틱스
4396,뉴트리 바이오칼스 프리미엄 팻 다운 헬스
4397,바이오멀티케어 힙&조인트
4398,뉴트리 바이오칼스 프리미엄 퍼피 헬스
4400,뉴트리 바이오칼스 프리미엄 어덜트 헬스
4401,뉴트리 바이오칼스 프리미엄 시니어 헬스
4402,뉴트리 바이오칼스 프리미엄 에너지 앤 스테미나
4403,뉴트리 바이오칼스 프리미엄 멀티 비타
4404,뉴트리 바이오칼스 프리미엄 헬시 프레그넌시 앤 널싱
4405,뉴트리 바이오칼스 프리미엄 코트 헬스
4406,뉴트리 바이오칼스 프리미엄 조인 헬스
4407,자이목스 오틱 엔지메틱 솔루션
4409,자이목스 토피컬 스프레이
4410,자이목스 토피컬 크림
4416,바이오틴 베터러너리언 세러퓨틱 마우스워시
4418,키토징크S산-수출용
4419,탄제린 앤 로즈마리 슈퍼 샤인 도그 샴푸
4420,엠피에이 더말수드 스프레이
4421,캐로틴-20
4422,다원 트립토판10%
4425,로노자임 NP(CT)
4426,로노자임 NP(M)
4428,쇼백 알로에 마일드 샴푸
4429,쇼백 쓰리인원 샴푸
4430,골드 일반용 샴푸/린스
4431,골드 자견용 샴푸/린스
4432,골드 백모용 샴푸/린스
4433,골드 약용샴푸(이.벼룩방지)
4434,APSAVIT 오보스마트
4435,폴빗솔
4436,윌로벳 유한 노-스트레스
4437,아이지-글로빈
4438,하이드라피드
4439,진크메치-500
4440,쇼백 오라젤 바르는 치약
4441,쇼백 포스킨 세정제
4442,쇼백 디브레컬 청결제
4443,쇼백 펠리온 샴푸
4444,쇼백 캣릴랙스
4445,쇼백 안티백 탈취제
4446,쇼백 알젠케어 샴푸
4447,쇼백 스테릴론 샴푸
4448,이누 스피루리나 샴푸앤린스(성견용)
4449,이누 스피루리나 샴푸앤린스(자견용)
4450,이누 스피루리나 샴푸앤린스(백모용)
4451,"이누 스피루리나 이,벼룩 방지전용"
4452,이누 스피루리나 탈취제(그린허브향)
4453,이누 펫케어 항균 탈취제(베이비파우더)
4454,이누 펫케어 귀세정제
4455,이누 펫케어 구강청정제
4456,이누 펫케어 눈물얼룩지우개
4457,프루너스 닥터스킨 샴푸
4458,쇼백 오티센 귀세정제
4461,트로피클린 디-매트탱글리무버 스프레이
4465,유니 멀티비타-골드
4466,이뮤노-업
4467,코끼리 오트밀 린스(전견용)
4468,코끼리 오트밀 컨디셔닝 스프레이
4469,코끼리 오트밀 펄 샴푸(전견용)
4470,코끼리 오트밀 펄 투인원 샴푸(자견용)
4471,코끼리 오트밀 펄 투인원 샴푸(백모용)
4472,코끼리 오트밀 펄 투인원 샴푸(유색견용)
4473,선진비타 272호
4474,하림 안티옥시
4475,하림제일비타믹스 1호
4477,제일비타믹스 10호
4478,제일비타믹스 8호
4479,제일비타믹스 9호
4480,제일비타믹스 7호
4481,제일비타믹스 6호
4482,제일비타믹스 5호
4483,제일비타믹스 4호
4485,제일미네믹스 6호
4486,제일미네믹스 1호
4487,젖먹이젖뗀돼지미네랄
4488,하림비타믹스 1호
4489,제일하림비타민-C
4491,제일 바이오틴
4492,제일미네믹스 5호
4493,미네믹스 1002호
4494,제일미네믹스 2호
4495,선진비타 141호
4496,제일 나이아신
4498,선진미네 Se(세렌믹스)
4499,육성돈전기미네랄
4500,육성 비육돈비타민
4501,선진비타 AD3E
4502,썸벧토코믹스25
4503,양견 미네랄
4506,선진비타 231호
4508,선진미네 221호
4509,제일비타믹스 91호
4510,선진미네 211호
4512,선진미네 231호
4513,제일세레늄프리믹스
4514,갓돈젖먹이비타민
4515,제일비타믹스 310호
4516,미네믹스 5호
4517,비육우비타민
4518,제일비타믹스 3호
4519,비타믹스 1003호
4520,제일비타믹스 2호
4521,산란계비타민
4523,미네믹스 55호
4524,비타민 E 122호
4525,육계 기타 비타민
4526,두미비타 2호
4527,액상염화코린
4528,두미비타 1호
4529,선진비타 911
4531,선진비타 211호
4532,나이아신 142호
4533,선진미네 311호
4534,두미비타 3호
4535,선진미네 261호
4537,선진비타 221호
4538,경원 비타
4539,선진비타 241호
4540,선진비타 251호
4541,선진비타 271호
4544,하림미네육계용
4546,축우미네랄
4547,두미미네 2호
4548,선진미네405호 (코믹스)
4549,착유우비타민
4551,선진비타 143호
4552,산란종계미네랄
4553,경원미네
4554,선진미네 321호
4556,청보리 (전북한우미네랄)
4557,미네믹스 44호
4559,종계 비타민
4560,제일비타믹스 311호
4561,제일비타믹스 314호
4562,선진미네401호 (황산철)
4563,선진미네402호 (황산아연)
4564,선진미네403호 (황산망간)
4566,선진미네406호 (요믹스)
4569,누비존-C
4570,누비존-EC
4571,바이미랄-D
4572,데이비스 하이포알러제닉샴푸
4575,비타오리솔루션
4576,비타브이골드
4577,네오비타-S 수용산
4579,노 히트-S 가용산
4580,렌도-S
4581,트로피칼 그린 안심 치약
4582,비타졸씨-플러스
4583,또자의애견샴푸
4587,토코씨콤비
4588,윌로벳 믹소딜
4591,이제파워-양돈용
4592,헤파큐애드
4593,비오 3 S 수용산
4594,유한 바이오스트롱
4596,푸에라비타
4597,트로피칼 그린 치약
4599,브랜하임 향수
4601,체리쉬 약용 샴푸린스겸용(비듬)
4602,견우 성견용 샴푸린스 겸용
4603,견우 자견용 샴푸린스 겸용
4604,견우 흰개용 샴푸린스 겸용
4605,닥터스멜론트리트먼트
4611,슈퍼이지디멭
4612,플럼태스틱맥시멈모이스춰라이져
4613,비타톤 츄어블 정
4614,오라맥스- 투스페이스트
4615,APSA 헤파토켐
4616,APSA 헤파토켐 액
4617,사이도텍 액
4620,브랜하임 린스
4621,브랜하임 아이클리너
4622,브랜하임 이어클리너
4623,브랜하임 탈취제
4624,브랜하임 구강청정제
4628,엔큐 항균 탈취제
4638,펩타미네
4639,락토팜
4641,에임 물없이 쓰는 샴푸
4642,포퓸-코코넛
4645,포퓸-그린티
4646,포퓸-허니써클
4647,럭셔리샴푸앤컨디셔너-코코넛
4648,럭셔리샴푸앤컨디셔너-제라니윰
4649,럭셔리샴푸앤컨디셔너-라벤더
4650,럭셔리샴푸앤컨디셔너-그린티
4651,럭셔리샴푸앤컨디셔너-허니써클
4652,윌로마린 카르니틴 플러스
4653,이뮤노플러스
4654,유한 비타민 4호 (젖뗀돼지용)
4655,유한 비타민 6호 (모돈용)
4656,펫트코리아 트로피클린 카바 샴푸
4659,트로피클린 키위 리모이스춰라이저
4660,트로피클린 알로에 모이스트 샴푸
4663,트로피크린 오트밀 앤 코코넛 샴푸
4667,트로피클린 피치 카바 향수
4669,트로피클린 워터 어딕티브
4671,트로피클린 후레쉬 브리즈 디오더라이저
4672,유한 비타민 5호 (육성비육용)
4674,코미 비타-윈
4676,수산용 훼스타 plus 1호
4677,수산용 훼스타 plus 2호
4678,유한 홀스케어 셀토스트
4679,유한 홀스케어 리하이드
4680,베타맥스씨
4684,비오라신-골드
4685,이제파워-축우용
4686,마린토코 C
4693,메티시톨-액
4697,스파 비타민 컨디셔너
4699,토코셀 프리믹스
4701,스미자임
4703,데이비스 베스트 럭셔리 샴푸
4704,바이타 plus 1호
4705,바이타 plus 2호
4708,데이비스 오트밀 리브 온 컨디셔너
4709,디클로렉스 폼
4711,벳클로 비듬방지 피부보호삼푸
4712,카프 아이지
4713,슈퍼에그 프리믹스
4714,슈퍼에그 WSP
4715,향기나라항균탈취제(베이비파우더)
4716,바이오-풀산
4717,향기나라 항균탈취제(라벤더)
4718,향기나라 항균세정제(캐모마일)
4719,향기나라 항균탈취제(그린티)
4720,향기나라항균탈취제(스위트플로럴)
4723,웅자내츄럴케어고양이전용삼푸린스
4724,웅자내츄럴케어한방삼푸
4725,웅자내츄럴케어 비듬방지 피부보호삼푸
4727,아이지락 수퍼 자돈용
4728,설사이뮨 자돈용
4729,설사이뮨 송아지용
4732,이화 ADEB12
4734,퍼스트디펜스 플러스
4737,쏘아베 덴탈크린 치약(강아지용)
4745,펫퍼스 칼라 염모제
4747,황금농장 플러스
4748,바이도스플러스
4750,프루너스 울트라 화이트샴푸
4751,켈빙데이
4755,바이오펠-S
4756,퓨리티 일반애완용 삼푸린스
4757,퓨리티 어린애완용 삼푸린스
4758,퓨리티 하얀애완용 삼푸린스
4759,폴리빗 AD3EKC 농축액
4760,ASPA 하이드로 플러스 액
4762,비고본
4763,스트레스-킹 플러스
4764,레노포르트
4765,뉴트로맥스2호
4766,넬-미네르바 액
4767,넬-판도라-에프
4769,마린아제
4770,카르마 센티드 크림 린스
4771,카르마 베이비 파우다 컨디셔닝 샴푸
4772,카르마 화이트 코트 컨디셔닝 샴푸-백모용
4773,카르마티어리스퍼피컨디셔닝샴푸-자견용
4774,비타톤 피쉬 투
4775,비오겐 피쉬 원
4776,비오겐 피쉬 투
4777,토코-E-Sel
4778,비타톤 피쉬 원
4779,타시몬 원샷겔 플러스
4780,이뮤노헬프
4781,토닥클린항균탈취제
4782,헤파케어XP
4785,아다폰-오
4786,아다폰-아쿠아
4788,펫스쿨 향수(베이비파우더향)
4789,펫스쿨 향수(후로렐라향)
4790,펫스쿨 향수(레몬향)
4791,펫스쿨 탈취제(베이비파우더향)
4792,펫스쿨 탈취제(레몬향)
4793,펫스쿨 탈취제(라벤더향)
4794,스야펫 안구세정제
4795,언제울었개 눈물얼룩지우개
4796,스야펫 구강청정제
4797,스야펫 치약
4798,스야펫 귀세정제
4799,펫스쿨 배변유도제
4800,스야펫 일반용 샴푸
4802,스야펫 린스
4803,펫스쿨 모발영양제
4804,켓스쿨 고양이샴푸
4805,아이지-킹
4806,헬로도기 파워캡슐 비듬방지 피부보호삼푸
